common_name,scientific_name,expansion,color,power_category,power_text,predator,flocking,bonus_card,victory_points,nest_type,egg_capacity,wingspan,forest,grassland,wetland,invertebrate,seed,fish,fruit,rodent,wild_(food),food_slash,total_food_cost,anatomist,cartographer,historian,photographer,backyard_birder,bird_bander,bird_counter,bird_feeder,diet_specialist,enclosure_builder,falconer,fishery_manager,food_web_expert,forester,large_bird_specialist,nest_box_builder,omnivore_expert,passerine_specialist,platform_builder,prairie_manager,rodentologist,viticulturalist,wetland_scientist,wildlife_gardener,caprimulgiform_specialist,small_clutch_specialist,endangered_species_protector,beak_pointing_left,beak_pointing_right,id
Acorn Woodpecker,Melanerpes formicivorus,originalcore,Brown,Caching Food,Gain 1 [seed] from the birdfeeder (if available). You may cache it on this card.,FALSE,FALSE,FALSE,5,Cavity,4,46,TRUE,FALSE,FALSE,0,3,0,0,0,0,FALSE,3,FALSE,FALSE,FALSE,FALSE,FALSE,FALSE,FALSE,TRUE,TRUE,FALSE,FALSE,FALSE,FALSE,TRUE,FALSE,TRUE,FALSE,FALSE,FALSE,FALSE,FALSE,FALSE,FALSE,FALSE,FALSE,FALSE,FALSE,TRUE,FALSE,2
American Avocet,Recurvirostra americana,originalcore,Pink,Egg-laying,"When another player takes the ""lay eggs"" action, this bird lays 1 [egg] on another bird with a [ground] nest.",FALSE,FALSE,FALSE,6,Ground,2,79,FALSE,FALSE,TRUE,2,1,0,0,0,0,FALSE,3,FALSE,TRUE,FALSE,FALSE,FALSE,FALSE,FALSE,TRUE,TRUE,TRUE,FALSE,FALSE,FALSE,FALSE,TRUE,FALSE,FALSE,FALSE,FALSE,FALSE,FALSE,FALSE,TRUE,FALSE,FALSE,TRUE,FALSE,TRUE,FALSE,3
American Bittern,Botaurus lentiginosus,originalcore,Brown,Card-drawing,Player(s) with the fewest [wetland] birds: draw 1 [card].,FALSE,FALSE,FALSE,7,Platform,2,107,FALSE,FALSE,TRUE,1,0,1,0,1,0,FALSE,3,FALSE,TRUE,FALSE,FALSE,FALSE,FALSE,FALSE,FALSE,TRUE,FALSE,FALSE,TRUE,FALSE,FALSE,TRUE,FALSE,FALSE,FALSE,TRUE,FALSE,TRUE,FALSE,TRUE,FALSE,FALSE,TRUE,FALSE,FALSE,TRUE,4
American Coot,Fulica americana,originalcore,Brown,Flocking,"Tuck a [card] from your hand behind this bird. If you do, draw 1 [card].",FALSE,TRUE,FALSE,3,Platform,5,61,FALSE,FALSE,TRUE,0,1,0,0,0,1,FALSE,2,FALSE,TRUE,FALSE,FALSE,TRUE,FALSE,TRUE,TRUE,FALSE,FALSE,FALSE,FALSE,FALSE,FALSE,FALSE,FALSE,TRUE,FALSE,TRUE,FALSE,FALSE,FALSE,TRUE,FALSE,FALSE,FALSE,FALSE,FALSE,TRUE,5
American Crow,Corvus brachyrhynchos,originalcore,Brown,Food from Supply,Discard 1 [egg] from any of your other birds to gain 1 [wild] from the supply.,FALSE,FALSE,FALSE,4,Platform,2,99,TRUE,TRUE,TRUE,0,0,0,0,0,1,FALSE,1,FALSE,TRUE,FALSE,FALSE,FALSE,TRUE,FALSE,FALSE,FALSE,FALSE,FALSE,FALSE,FALSE,FALSE,TRUE,FALSE,TRUE,FALSE,TRUE,FALSE,FALSE,FALSE,FALSE,FALSE,FALSE,TRUE,FALSE,FALSE,TRUE,6
American Goldfinch,Spinus tristis,originalcore,White,Food from Supply,Gain 3 [seed] from the supply.,FALSE,FALSE,FALSE,3,Bowl,3,23,FALSE,TRUE,FALSE,0,2,0,0,0,0,FALSE,2,FALSE,TRUE,FALSE,TRUE,TRUE,FALSE,FALSE,TRUE,FALSE,FALSE,FALSE,FALSE,FALSE,FALSE,FALSE,FALSE,FALSE,TRUE,FALSE,TRUE,FALSE,FALSE,FALSE,TRUE,FALSE,FALSE,FALSE,FALSE,TRUE,7
American Kestrel,Falco sparverius,originalcore,Brown,Hunting,"Roll all dice not in birdfeeder. If any are [rodent], gain 1 [rodent] and cache it on this card.",TRUE,FALSE,FALSE,5,Cavity,3,56,FALSE,TRUE,FALSE,1,0,0,0,1,0,FALSE,2,FALSE,TRUE,FALSE,FALSE,FALSE,FALSE,FALSE,FALSE,FALSE,FALSE,TRUE,FALSE,FALSE,FALSE,FALSE,TRUE,FALSE,FALSE,FALSE,TRUE,TRUE,FALSE,FALSE,FALSE,FALSE,FALSE,FALSE,TRUE,FALSE,8
American Oystercatcher,Haematopus palliatus,originalcore,White,Card-drawing,"Draw [card] equal to the number of players +1. Starting with you and proceeding clockwise, each player selects 1 of those cards and places it in their hand. You keep the extra card.",FALSE,FALSE,FALSE,5,Ground,2,81,FALSE,FALSE,TRUE,2,0,0,0,0,0,FALSE,2,FALSE,TRUE,FALSE,FALSE,FALSE,FALSE,FALSE,FALSE,FALSE,TRUE,FALSE,FALSE,TRUE,FALSE,TRUE,FALSE,FALSE,FALSE,FALSE,FALSE,FALSE,FALSE,TRUE,FALSE,FALSE,TRUE,FALSE,FALSE,TRUE,9
American Redstart,Setophaga ruticilla,originalcore,Brown,Food from Birdfeeder ,Gain 1 [wild] from the birdfeeder.,FALSE,FALSE,FALSE,4,Bowl,2,20,TRUE,FALSE,FALSE,1,0,0,1,0,0,FALSE,2,FALSE,TRUE,FALSE,TRUE,FALSE,FALSE,FALSE,FALSE,FALSE,FALSE,FALSE,FALSE,FALSE,TRUE,FALSE,FALSE,FALSE,TRUE,FALSE,FALSE,FALSE,TRUE,FALSE,TRUE,FALSE,TRUE,FALSE,FALSE,TRUE,10
American Robin,Turdus migratorius,originalcore,Brown,Flocking,"Tuck a [card] from your hand behind this bird. If you do, draw 1 [card].",FALSE,TRUE,FALSE,1,Bowl,4,43,TRUE,TRUE,FALSE,1,0,0,1,0,0,TRUE,1,FALSE,TRUE,FALSE,FALSE,TRUE,TRUE,TRUE,FALSE,FALSE,FALSE,FALSE,FALSE,FALSE,FALSE,FALSE,FALSE,FALSE,FALSE,FALSE,FALSE,FALSE,TRUE,FALSE,TRUE,FALSE,FALSE,FALSE,FALSE,TRUE,11
American White Pelican,Pelecanus erythrorhynchos,originalcore,Brown,Flocking,Discard a [fish] to tuck 2 [card] from the deck behind this bird.,FALSE,TRUE,FALSE,5,Ground,1,274,FALSE,FALSE,TRUE,0,0,2,0,0,0,FALSE,2,FALSE,TRUE,FALSE,TRUE,FALSE,FALSE,TRUE,FALSE,FALSE,TRUE,FALSE,TRUE,FALSE,FALSE,TRUE,FALSE,FALSE,FALSE,FALSE,FALSE,FALSE,FALSE,TRUE,FALSE,FALSE,TRUE,FALSE,FALSE,TRUE,12
American Woodcock,Scolopax minor,originalcore,None,None,,FALSE,FALSE,FALSE,9,Ground,2,46,TRUE,TRUE,FALSE,2,1,0,0,0,0,FALSE,3,FALSE,TRUE,FALSE,FALSE,FALSE,TRUE,FALSE,TRUE,TRUE,TRUE,FALSE,FALSE,FALSE,FALSE,FALSE,FALSE,FALSE,FALSE,FALSE,FALSE,FALSE,FALSE,FALSE,FALSE,FALSE,TRUE,FALSE,TRUE,FALSE,13
Anhinga,Anhinga anhinga,originalcore,Brown,Hunting/Fishing,"Roll all dice not in birdfeeder. If any are [fish], gain 1 [fish] and cache it on this card.",TRUE,FALSE,FALSE,6,Platform,2,114,FALSE,FALSE,TRUE,0,0,2,0,0,0,FALSE,2,FALSE,FALSE,FALSE,FALSE,FALSE,FALSE,FALSE,FALSE,FALSE,FALSE,TRUE,TRUE,FALSE,FALSE,TRUE,FALSE,FALSE,FALSE,TRUE,FALSE,FALSE,FALSE,TRUE,FALSE,FALSE,TRUE,FALSE,TRUE,FALSE,14
Anna's Hummingbird,Calypte anna,originalcore,Brown,Food from Birdfeeder,"Each player gains 1 [die] from the birdfeeder, starting with the player of your choice.",FALSE,FALSE,FALSE,4,Bowl,2,13,TRUE,TRUE,TRUE,0,0,0,0,0,1,FALSE,1,FALSE,FALSE,TRUE,FALSE,FALSE,TRUE,FALSE,FALSE,FALSE,FALSE,FALSE,FALSE,FALSE,FALSE,FALSE,FALSE,TRUE,TRUE,FALSE,FALSE,FALSE,FALSE,FALSE,TRUE,TRUE,TRUE,FALSE,TRUE,FALSE,15
Ash-Throated Flycatcher,Myiarchus cinerascens,originalcore,White,Egg-laying,Lay 1 [egg] on each of your birds with a [cavity] nest.,FALSE,FALSE,FALSE,4,Cavity,4,30,FALSE,TRUE,FALSE,2,0,0,1,0,0,FALSE,3,TRUE,FALSE,FALSE,TRUE,FALSE,FALSE,FALSE,FALSE,TRUE,FALSE,FALSE,FALSE,FALSE,FALSE,FALSE,TRUE,FALSE,TRUE,FALSE,TRUE,FALSE,TRUE,FALSE,FALSE,FALSE,FALSE,FALSE,FALSE,TRUE,16
Atlantic Puffin,Fratercula arctica,originalcore,White,Bonus,Draw 2 new bonus cards and keep 1.,FALSE,FALSE,TRUE,8,Wild,1,53,FALSE,FALSE,TRUE,0,0,3,0,0,0,FALSE,3,FALSE,TRUE,FALSE,FALSE,FALSE,FALSE,FALSE,FALSE,TRUE,TRUE,FALSE,TRUE,FALSE,FALSE,FALSE,TRUE,FALSE,FALSE,TRUE,FALSE,FALSE,FALSE,TRUE,TRUE,FALSE,TRUE,TRUE,FALSE,TRUE,17
Baird's Sparrow,Ammodramus bairdii,originalcore,Brown,Egg-laying,Lay 1 [egg] on any bird.,FALSE,FALSE,FALSE,3,Ground,2,23,FALSE,TRUE,FALSE,1,1,0,0,0,0,FALSE,2,FALSE,FALSE,TRUE,FALSE,TRUE,FALSE,FALSE,TRUE,FALSE,TRUE,FALSE,FALSE,FALSE,FALSE,FALSE,FALSE,FALSE,TRUE,FALSE,TRUE,FALSE,FALSE,FALSE,FALSE,FALSE,TRUE,FALSE,FALSE,TRUE,19
Bald Eagle,Haliaeetus leucocephalus,originalcore,White,Food from Birdfeeder,Gain all [fish] that are in the birdfeeder.,FALSE,FALSE,FALSE,9,Platform,1,203,FALSE,FALSE,TRUE,0,0,2,0,1,0,FALSE,3,FALSE,FALSE,FALSE,FALSE,FALSE,FALSE,FALSE,FALSE,TRUE,FALSE,FALSE,TRUE,FALSE,FALSE,TRUE,FALSE,FALSE,FALSE,TRUE,FALSE,TRUE,FALSE,TRUE,FALSE,FALSE,TRUE,FALSE,TRUE,FALSE,20
Baltimore Oriole,Icterus galbula,originalcore,Brown,Food from Supply,All players gain 1 [fruit] from the supply.,FALSE,FALSE,FALSE,9,Wild,2,30,TRUE,FALSE,FALSE,1,0,0,2,0,0,FALSE,3,FALSE,TRUE,FALSE,FALSE,FALSE,FALSE,FALSE,FALSE,TRUE,TRUE,FALSE,FALSE,FALSE,TRUE,FALSE,TRUE,FALSE,TRUE,TRUE,FALSE,FALSE,TRUE,FALSE,TRUE,FALSE,TRUE,FALSE,TRUE,FALSE,21
Barn Owl,Tyto alba,originalcore,Brown,Hunting/Fishing,"Roll all dice not in birdfeeder. If any are [rodent], gain 1 [rodent] and cache it on this card.",TRUE,FALSE,FALSE,5,Cavity,4,107,TRUE,TRUE,TRUE,0,0,0,0,2,0,FALSE,2,FALSE,FALSE,FALSE,FALSE,FALSE,TRUE,FALSE,FALSE,FALSE,FALSE,TRUE,FALSE,FALSE,FALSE,TRUE,TRUE,FALSE,FALSE,FALSE,FALSE,TRUE,FALSE,FALSE,FALSE,FALSE,FALSE,FALSE,FALSE,FALSE,22
Barn Swallow,Hirundo rustica,originalcore,Brown,Flocking,"Tuck a [card] from your hand behind this bird. If you do, draw 1 [card].",FALSE,TRUE,FALSE,1,Wild,3,38,FALSE,TRUE,TRUE,1,0,0,0,0,0,FALSE,1,FALSE,FALSE,FALSE,FALSE,TRUE,TRUE,TRUE,FALSE,FALSE,TRUE,FALSE,FALSE,TRUE,FALSE,FALSE,TRUE,FALSE,FALSE,TRUE,FALSE,FALSE,FALSE,FALSE,TRUE,FALSE,FALSE,FALSE,FALSE,TRUE,23
Barred Owl,Strix varia,originalcore,Brown,Hunting/Fishing,"Look at a [card] from the deck. If <75cm, tuck it behind this bird. If not, discard it.",TRUE,FALSE,FALSE,3,Cavity,2,107,TRUE,FALSE,FALSE,0,0,0,0,1,0,FALSE,1,FALSE,FALSE,FALSE,FALSE,TRUE,FALSE,FALSE,FALSE,FALSE,FALSE,TRUE,FALSE,FALSE,TRUE,TRUE,TRUE,FALSE,FALSE,FALSE,FALSE,TRUE,FALSE,FALSE,FALSE,FALSE,TRUE,FALSE,FALSE,FALSE,24
Barrow's Goldeneye,Bucephala islandica,originalcore,Pink,Egg-laying,"When another player takes the ""lay eggs"" action, this bird lays 1 [egg] on another bird with a [cavity] nest.",FALSE,FALSE,FALSE,5,Cavity,4,71,FALSE,FALSE,TRUE,1,1,1,0,0,0,FALSE,3,TRUE,FALSE,TRUE,TRUE,FALSE,FALSE,FALSE,TRUE,TRUE,FALSE,FALSE,TRUE,FALSE,FALSE,TRUE,TRUE,FALSE,FALSE,FALSE,FALSE,FALSE,FALSE,TRUE,FALSE,FALSE,FALSE,FALSE,TRUE,FALSE,25
Bell's Vireo,Vireo bellii,originalcore,White,Bonus,Draw 2 new bonus cards and keep 1.,FALSE,FALSE,TRUE,4,Wild,2,18,TRUE,TRUE,FALSE,2,0,0,0,0,0,FALSE,2,FALSE,FALSE,TRUE,FALSE,FALSE,TRUE,FALSE,FALSE,FALSE,TRUE,FALSE,FALSE,TRUE,FALSE,FALSE,TRUE,FALSE,TRUE,TRUE,FALSE,FALSE,FALSE,FALSE,TRUE,FALSE,TRUE,TRUE,FALSE,TRUE,26
Belted Kingfisher,Megaceryle alcyon,originalcore,Pink,Food from Supply,"When another player plays a [wetland] bird, gain 1 [fish] from the supply.",FALSE,FALSE,FALSE,4,Wild,4,53,FALSE,FALSE,TRUE,0,0,1,0,0,1,FALSE,2,FALSE,FALSE,FALSE,FALSE,FALSE,FALSE,FALSE,FALSE,FALSE,TRUE,FALSE,TRUE,FALSE,FALSE,FALSE,TRUE,TRUE,FALSE,TRUE,FALSE,FALSE,FALSE,TRUE,TRUE,FALSE,FALSE,FALSE,TRUE,FALSE,27
Bewick's Wren,Thryomanes bewickii,originalcore,Brown,Migrating,"If this bird is to the right of all other birds in its habitat, move it to another habitat.",FALSE,FALSE,FALSE,4,Cavity,3,18,TRUE,TRUE,TRUE,2,1,0,0,0,0,FALSE,3,FALSE,FALSE,TRUE,FALSE,FALSE,TRUE,FALSE,TRUE,TRUE,FALSE,FALSE,FALSE,FALSE,FALSE,FALSE,TRUE,FALSE,TRUE,FALSE,FALSE,FALSE,FALSE,FALSE,FALSE,FALSE,FALSE,FALSE,FALSE,TRUE,28
Black Skimmer,Rynchops niger,originalcore,Brown,Hunting/Fishing,"Roll all dice not in birdfeeder. If any are [fish], gain 1 [fish] and cache it on this card.",TRUE,FALSE,FALSE,6,Ground,2,112,FALSE,FALSE,TRUE,0,0,2,0,0,0,FALSE,2,FALSE,FALSE,FALSE,TRUE,FALSE,FALSE,FALSE,FALSE,FALSE,TRUE,TRUE,TRUE,FALSE,FALSE,TRUE,FALSE,FALSE,FALSE,FALSE,FALSE,FALSE,FALSE,TRUE,FALSE,FALSE,TRUE,FALSE,TRUE,FALSE,30
Black Tern,Chlidonias niger,originalcore,Brown,Card-drawing,"Draw 1 [card]. If you do, discard 1 [card] from your hand at the end of your turn.",FALSE,FALSE,FALSE,4,Wild,2,61,FALSE,FALSE,TRUE,1,0,1,0,0,0,TRUE,1,FALSE,FALSE,FALSE,TRUE,FALSE,FALSE,FALSE,FALSE,FALSE,TRUE,FALSE,TRUE,FALSE,FALSE,FALSE,TRUE,FALSE,FALSE,TRUE,FALSE,FALSE,FALSE,TRUE,TRUE,FALSE,TRUE,FALSE,FALSE,TRUE,31
Black Vulture,Coragyps atratus,originalcore,Pink,Food from Birdfeeder,"When another player's predator succeeds, gain 1 [die] from the birdfeeder.",FALSE,FALSE,FALSE,2,Cavity,1,150,TRUE,FALSE,FALSE,0,0,0,0,0,0,FALSE,0,FALSE,FALSE,FALSE,TRUE,TRUE,FALSE,FALSE,FALSE,FALSE,FALSE,FALSE,FALSE,FALSE,TRUE,TRUE,TRUE,FALSE,FALSE,FALSE,FALSE,FALSE,FALSE,FALSE,FALSE,FALSE,TRUE,FALSE,FALSE,TRUE,32
Black-Bellied Whistling Duck,Dendrocygna autumnalis,originalcore,Brown,Flocking,Discard 1 [seed] to tuck 2 [card] from the deck behind this bird.,FALSE,TRUE,FALSE,2,Cavity,5,76,FALSE,FALSE,TRUE,0,2,0,0,0,0,FALSE,2,TRUE,FALSE,FALSE,TRUE,TRUE,FALSE,TRUE,TRUE,FALSE,FALSE,FALSE,FALSE,FALSE,FALSE,TRUE,TRUE,FALSE,FALSE,FALSE,FALSE,FALSE,FALSE,TRUE,FALSE,FALSE,FALSE,FALSE,FALSE,TRUE,34
Black-Billed Magpie,Pica hudsonia,originalcore,Pink,Food from Birdfeeder,"When another player's predator succeeds, gain 1 [die] from the birdfeeder.",FALSE,FALSE,FALSE,3,Wild,3,64,FALSE,TRUE,FALSE,0,0,0,0,0,2,FALSE,2,TRUE,FALSE,FALSE,TRUE,TRUE,FALSE,FALSE,FALSE,FALSE,TRUE,FALSE,FALSE,FALSE,FALSE,FALSE,TRUE,TRUE,FALSE,TRUE,TRUE,FALSE,FALSE,FALSE,TRUE,FALSE,FALSE,FALSE,FALSE,TRUE,35
Black-Chinned Hummingbird,Archilochus alexandri,originalcore,Brown,Food from Supply,All players gain a [fruit] from the supply.,FALSE,FALSE,FALSE,4,Bowl,2,8,TRUE,TRUE,TRUE,0,0,0,0,0,1,FALSE,1,TRUE,FALSE,FALSE,TRUE,FALSE,TRUE,FALSE,FALSE,FALSE,FALSE,FALSE,FALSE,FALSE,FALSE,FALSE,FALSE,TRUE,TRUE,FALSE,FALSE,FALSE,FALSE,FALSE,TRUE,TRUE,TRUE,FALSE,FALSE,TRUE,36
Black-Crowned Night-Heron,Nycticorax nycticorax,originalcore,Brown,Food from Supply,Discard 1 [egg] from any of your other birds to gain 1 [wild] from the supply.,FALSE,FALSE,FALSE,9,Platform,2,112,FALSE,FALSE,TRUE,1,0,1,0,1,0,FALSE,3,TRUE,FALSE,FALSE,TRUE,FALSE,FALSE,FALSE,FALSE,TRUE,FALSE,FALSE,TRUE,FALSE,FALSE,TRUE,FALSE,FALSE,FALSE,TRUE,FALSE,TRUE,FALSE,TRUE,FALSE,FALSE,TRUE,FALSE,FALSE,TRUE,37
Black-Necked Stilt,Himantopus mexicanus,originalcore,White,Card-drawing,Draw 2 [card].,FALSE,FALSE,FALSE,4,Ground,2,74,FALSE,FALSE,TRUE,2,0,0,0,0,0,FALSE,2,TRUE,FALSE,FALSE,TRUE,FALSE,FALSE,FALSE,FALSE,FALSE,TRUE,FALSE,FALSE,TRUE,FALSE,TRUE,FALSE,FALSE,FALSE,FALSE,FALSE,FALSE,FALSE,TRUE,FALSE,FALSE,TRUE,FALSE,FALSE,TRUE,39
Blue Grosbeak,Passerina caerulea,originalcore,Brown,Migrating,"If this bird is to the right of all other birds in its habitat, move it to another habitat.",FALSE,FALSE,FALSE,4,Bowl,3,28,TRUE,TRUE,TRUE,1,2,0,0,0,0,FALSE,3,TRUE,FALSE,FALSE,TRUE,FALSE,TRUE,FALSE,TRUE,TRUE,FALSE,FALSE,FALSE,FALSE,FALSE,FALSE,FALSE,FALSE,TRUE,FALSE,FALSE,FALSE,FALSE,FALSE,TRUE,FALSE,FALSE,FALSE,FALSE,TRUE,42
Blue Jay,Cyanocitta cristata,originalcore,Brown,Caching Food,Gain 1 [seed] from the birdfeeder (if available). You may cache it on this card.,FALSE,FALSE,FALSE,3,Bowl,2,41,TRUE,FALSE,FALSE,0,1,0,0,0,1,FALSE,2,FALSE,FALSE,FALSE,TRUE,TRUE,FALSE,FALSE,TRUE,FALSE,FALSE,FALSE,FALSE,FALSE,TRUE,FALSE,FALSE,TRUE,FALSE,FALSE,FALSE,FALSE,FALSE,FALSE,TRUE,FALSE,TRUE,FALSE,FALSE,TRUE,43
Blue-Gray Gnatcatcher,Polioptila caerulea,originalcore,Brown,Food from Supply,Gain 1 [invertebrate] from the supply.,FALSE,FALSE,FALSE,1,Bowl,3,15,TRUE,FALSE,FALSE,1,0,0,0,0,0,FALSE,1,FALSE,FALSE,FALSE,TRUE,TRUE,FALSE,FALSE,FALSE,FALSE,FALSE,FALSE,FALSE,TRUE,TRUE,FALSE,FALSE,FALSE,TRUE,FALSE,FALSE,FALSE,FALSE,FALSE,TRUE,FALSE,FALSE,FALSE,TRUE,FALSE,44
Blue-Winged Warbler,Vermivora cyanoptera,originalcore,,None,,FALSE,FALSE,FALSE,8,Bowl,2,20,TRUE,TRUE,FALSE,2,0,0,0,0,0,FALSE,2,TRUE,FALSE,FALSE,TRUE,FALSE,TRUE,FALSE,FALSE,FALSE,FALSE,FALSE,FALSE,TRUE,FALSE,FALSE,FALSE,FALSE,TRUE,FALSE,FALSE,FALSE,FALSE,FALSE,TRUE,FALSE,TRUE,FALSE,FALSE,TRUE,45
Bobolink,Dolichonyx oryzivorus,originalcore,White,Egg-laying,Lay 1 [egg] on each of your birds with a [ground] nest.,FALSE,FALSE,FALSE,4,Ground,3,30,FALSE,TRUE,FALSE,1,2,0,0,0,0,FALSE,3,FALSE,FALSE,FALSE,FALSE,FALSE,FALSE,FALSE,TRUE,TRUE,TRUE,FALSE,FALSE,FALSE,FALSE,FALSE,FALSE,FALSE,TRUE,FALSE,TRUE,FALSE,FALSE,FALSE,FALSE,FALSE,FALSE,FALSE,FALSE,TRUE,47
Brant,Branta bernicla,originalcore,White,Card-drawing,Draw the 3 face-up [card] in the bird tray.,FALSE,FALSE,FALSE,3,Ground,2,114,FALSE,FALSE,TRUE,0,1,0,0,0,1,FALSE,2,FALSE,FALSE,FALSE,FALSE,TRUE,FALSE,FALSE,TRUE,FALSE,TRUE,FALSE,FALSE,FALSE,FALSE,TRUE,FALSE,TRUE,FALSE,FALSE,FALSE,FALSE,FALSE,TRUE,FALSE,FALSE,TRUE,FALSE,FALSE,TRUE,49
Brewer's Blackbird,Euphagus cyanocephalus,originalcore,Brown,Flocking,"Tuck a [card] from your hand behind this bird. If you do, also lay 1 [egg] on this bird.",FALSE,TRUE,FALSE,3,Bowl,3,41,FALSE,TRUE,FALSE,0,1,0,0,0,1,FALSE,2,FALSE,FALSE,TRUE,TRUE,TRUE,FALSE,TRUE,TRUE,FALSE,FALSE,FALSE,FALSE,FALSE,FALSE,FALSE,FALSE,TRUE,FALSE,FALSE,TRUE,FALSE,FALSE,FALSE,TRUE,FALSE,FALSE,FALSE,TRUE,FALSE,50
Broad-Winged Hawk,Buteo platypterus,originalcore,Brown,Caching Food,"Roll all dice not in birdfeeder. If any are a [rodent], gain 1 [rodent] and cache it on this card.",TRUE,FALSE,FALSE,4,Platform,2,85,TRUE,FALSE,FALSE,0,0,0,0,1,0,FALSE,1,TRUE,FALSE,FALSE,FALSE,FALSE,FALSE,FALSE,FALSE,FALSE,FALSE,TRUE,FALSE,FALSE,TRUE,TRUE,FALSE,FALSE,FALSE,TRUE,FALSE,TRUE,FALSE,FALSE,FALSE,FALSE,TRUE,FALSE,FALSE,TRUE,51
Bronzed Cowbird,Molothrus aeneus,originalcore,Pink,Egg-laying,"When another player takes the ""lay eggs"" action, this bird lays 1 [egg] on another bird with a [bowl] nest.",FALSE,FALSE,FALSE,5,None,0,36,FALSE,TRUE,FALSE,1,1,0,0,0,0,FALSE,2,FALSE,FALSE,FALSE,TRUE,FALSE,FALSE,FALSE,TRUE,FALSE,FALSE,FALSE,FALSE,FALSE,FALSE,FALSE,FALSE,FALSE,FALSE,FALSE,TRUE,FALSE,FALSE,FALSE,FALSE,FALSE,TRUE,FALSE,FALSE,TRUE,52
Brown Pelican,Pelecanus occidentalis,originalcore,White,Food from Supply,Gain 3 [fish] from the supply.,FALSE,FALSE,FALSE,4,Platform,2,201,FALSE,FALSE,TRUE,0,0,2,0,0,0,FALSE,2,FALSE,FALSE,FALSE,TRUE,FALSE,FALSE,FALSE,FALSE,FALSE,FALSE,FALSE,TRUE,FALSE,FALSE,TRUE,FALSE,FALSE,FALSE,TRUE,FALSE,FALSE,FALSE,TRUE,FALSE,FALSE,TRUE,FALSE,FALSE,TRUE,53
Brown-Headed Cowbird,Molothrus ater,originalcore,Pink,Egg-laying,"When another player takes the ""lay eggs"" action, this bird lays 1 [egg] on another bird with a [bowl] nest.",FALSE,FALSE,FALSE,3,None,0,30,FALSE,TRUE,FALSE,0,1,0,0,0,0,FALSE,1,TRUE,FALSE,FALSE,TRUE,TRUE,FALSE,FALSE,TRUE,FALSE,FALSE,FALSE,FALSE,FALSE,FALSE,FALSE,FALSE,FALSE,TRUE,FALSE,TRUE,FALSE,FALSE,FALSE,FALSE,FALSE,TRUE,FALSE,TRUE,FALSE,54
Burrowing Owl,Athene cunicularia,originalcore,Brown,Hunting/Fishing,"Roll all dice not in birdfeeder. If any are [rodent], gain 1 [rodent] and cache it on this card.",TRUE,FALSE,FALSE,5,Wild,4,53,FALSE,TRUE,FALSE,1,0,0,0,1,0,FALSE,2,FALSE,FALSE,FALSE,FALSE,FALSE,FALSE,FALSE,FALSE,FALSE,TRUE,TRUE,FALSE,FALSE,FALSE,FALSE,TRUE,FALSE,FALSE,TRUE,TRUE,TRUE,FALSE,FALSE,TRUE,FALSE,FALSE,FALSE,FALSE,FALSE,56
Bushtit,Psaltriparus minimus,originalcore,Brown,Flocking,"Tuck a [card] from your hand behind this bird. If you do, also lay 1 [egg] on this bird.",FALSE,TRUE,FALSE,2,Wild,5,15,TRUE,TRUE,TRUE,1,1,0,0,0,0,FALSE,2,FALSE,FALSE,FALSE,FALSE,TRUE,TRUE,TRUE,TRUE,FALSE,TRUE,FALSE,FALSE,FALSE,FALSE,FALSE,TRUE,FALSE,TRUE,TRUE,FALSE,FALSE,FALSE,FALSE,TRUE,FALSE,FALSE,FALSE,TRUE,FALSE,57
California Condor,Gymnogyps californianus,originalcore,White,Bonus,Draw 2 new bonus cards and keep 1.,FALSE,FALSE,TRUE,1,Ground,1,277,TRUE,TRUE,TRUE,0,0,0,0,0,0,FALSE,0,FALSE,TRUE,FALSE,FALSE,TRUE,TRUE,FALSE,FALSE,FALSE,TRUE,FALSE,FALSE,FALSE,FALSE,TRUE,FALSE,FALSE,FALSE,FALSE,FALSE,FALSE,FALSE,FALSE,FALSE,FALSE,TRUE,TRUE,FALSE,FALSE,58
California Quail,Callipepla californica,originalcore,Brown,Egg-laying,Lay 1 [egg] on this bird.,FALSE,FALSE,FALSE,3,Ground,6,36,TRUE,TRUE,FALSE,1,2,0,0,0,0,FALSE,3,FALSE,TRUE,FALSE,FALSE,TRUE,TRUE,FALSE,TRUE,TRUE,TRUE,FALSE,FALSE,FALSE,FALSE,FALSE,FALSE,FALSE,FALSE,FALSE,FALSE,FALSE,FALSE,FALSE,FALSE,FALSE,FALSE,FALSE,TRUE,FALSE,59
Canada Goose,Branta canadensis,originalcore,Brown,Flocking,Discard 1 [seed] to tuck 2 [card] from the deck behind this bird.,FALSE,TRUE,FALSE,3,Ground,3,132,FALSE,TRUE,TRUE,0,2,0,0,0,0,FALSE,2,FALSE,TRUE,FALSE,FALSE,TRUE,TRUE,TRUE,TRUE,FALSE,TRUE,FALSE,FALSE,FALSE,FALSE,TRUE,FALSE,FALSE,FALSE,FALSE,FALSE,FALSE,FALSE,FALSE,FALSE,FALSE,FALSE,FALSE,FALSE,TRUE,60
Canvasback,Aythya valisineria,originalcore,Brown,Card-drawing,All players draw 1 [card] from the deck.,FALSE,FALSE,FALSE,4,Wild,4,82,FALSE,FALSE,TRUE,0,1,0,0,0,1,FALSE,2,TRUE,FALSE,FALSE,FALSE,FALSE,FALSE,FALSE,TRUE,FALSE,TRUE,FALSE,FALSE,FALSE,FALSE,TRUE,TRUE,TRUE,FALSE,TRUE,FALSE,FALSE,FALSE,TRUE,TRUE,FALSE,FALSE,FALSE,FALSE,TRUE,61
Carolina Chickadee,Poecile carolinensis,originalcore,Brown,Caching Food,Gain 1 [seed] from the supply and cache it on this card.,FALSE,FALSE,FALSE,2,Cavity,3,20,TRUE,FALSE,FALSE,1,1,0,0,0,0,TRUE,1,FALSE,TRUE,FALSE,FALSE,TRUE,FALSE,FALSE,TRUE,FALSE,FALSE,FALSE,FALSE,FALSE,TRUE,FALSE,TRUE,FALSE,TRUE,FALSE,FALSE,FALSE,FALSE,FALSE,FALSE,FALSE,FALSE,FALSE,TRUE,FALSE,62
Carolina Wren,Thryothorus ludovicianus,originalcore,White,Card-drawing,Draw 2 [card].,FALSE,FALSE,FALSE,1,Cavity,5,20,TRUE,FALSE,FALSE,1,0,0,1,0,0,TRUE,1,FALSE,TRUE,FALSE,FALSE,TRUE,FALSE,FALSE,FALSE,FALSE,FALSE,FALSE,FALSE,FALSE,TRUE,FALSE,TRUE,FALSE,TRUE,FALSE,FALSE,FALSE,TRUE,FALSE,FALSE,FALSE,FALSE,FALSE,FALSE,TRUE,63
Cassin's Finch,Haemorhous cassinii,originalcore,White,Bonus,Draw 2 new bonus cards and keep 1.,FALSE,FALSE,TRUE,4,Bowl,3,30,TRUE,FALSE,FALSE,0,1,0,1,0,0,FALSE,2,FALSE,FALSE,TRUE,FALSE,FALSE,FALSE,FALSE,TRUE,FALSE,FALSE,FALSE,FALSE,FALSE,TRUE,FALSE,FALSE,FALSE,TRUE,FALSE,FALSE,FALSE,TRUE,FALSE,TRUE,FALSE,FALSE,TRUE,FALSE,TRUE,65
Cassin's Sparrow,Peucaea cassinii,originalcore,Brown,Egg-laying,Lay 1 [egg] on any bird.,FALSE,FALSE,FALSE,3,Ground,2,20,FALSE,TRUE,FALSE,1,1,0,0,0,0,FALSE,2,FALSE,FALSE,TRUE,FALSE,TRUE,FALSE,FALSE,TRUE,FALSE,TRUE,FALSE,FALSE,FALSE,FALSE,FALSE,FALSE,FALSE,TRUE,FALSE,TRUE,FALSE,FALSE,FALSE,FALSE,FALSE,TRUE,FALSE,TRUE,FALSE,66
Cedar Waxwing,Bombycilla cedrorum,originalcore,Brown,Flocking,"Tuck a [card] from your hand behind this bird. If you do, gain 1 [fruit] from the supply.",FALSE,TRUE,FALSE,3,Bowl,3,25,TRUE,TRUE,FALSE,0,0,0,2,0,0,FALSE,2,TRUE,FALSE,FALSE,FALSE,TRUE,TRUE,TRUE,FALSE,FALSE,FALSE,FALSE,FALSE,FALSE,FALSE,FALSE,FALSE,FALSE,TRUE,FALSE,FALSE,FALSE,TRUE,FALSE,TRUE,FALSE,FALSE,FALSE,FALSE,TRUE,67
Cerulean Warbler,Setophaga cerulea,originalcore,White,Bonus,Draw 2 new bonus cards and keep 1.,FALSE,FALSE,TRUE,4,Bowl,2,20,TRUE,FALSE,FALSE,1,1,0,0,0,0,FALSE,2,FALSE,FALSE,FALSE,TRUE,FALSE,FALSE,FALSE,TRUE,FALSE,FALSE,FALSE,FALSE,FALSE,TRUE,FALSE,FALSE,FALSE,TRUE,FALSE,FALSE,FALSE,FALSE,FALSE,TRUE,FALSE,TRUE,TRUE,TRUE,FALSE,68
Chestnut-Collared Longspur,Calcarius ornatus,originalcore,White,Bonus,Draw 2 new bonus cards and keep 1.,FALSE,FALSE,TRUE,5,Ground,4,25,FALSE,TRUE,FALSE,1,2,0,0,0,0,FALSE,3,TRUE,FALSE,FALSE,TRUE,FALSE,FALSE,FALSE,TRUE,TRUE,TRUE,FALSE,FALSE,FALSE,FALSE,FALSE,FALSE,FALSE,TRUE,FALSE,TRUE,FALSE,FALSE,FALSE,FALSE,FALSE,FALSE,TRUE,TRUE,FALSE,70
Chihuahuan Raven,Corvus cryptoleucus,originalcore,Brown,Food from Supply,Discard 1 [egg] from any of your other birds to gain 2 [wild] from the supply.,FALSE,FALSE,FALSE,4,Platform,3,112,FALSE,TRUE,FALSE,0,0,0,0,1,2,FALSE,3,FALSE,TRUE,FALSE,FALSE,FALSE,FALSE,FALSE,FALSE,TRUE,FALSE,FALSE,FALSE,FALSE,FALSE,TRUE,FALSE,TRUE,FALSE,TRUE,TRUE,TRUE,FALSE,FALSE,FALSE,FALSE,FALSE,FALSE,FALSE,TRUE,71
Chimney Swift,Chaetura pelagica,originalcore,Brown,Migrating,"If this bird is to the right of all other birds in its habitat, move it to another habitat.",FALSE,FALSE,FALSE,3,Wild,2,36,TRUE,TRUE,TRUE,2,0,0,0,0,0,FALSE,2,FALSE,FALSE,FALSE,FALSE,TRUE,TRUE,FALSE,FALSE,FALSE,TRUE,FALSE,FALSE,TRUE,FALSE,FALSE,TRUE,FALSE,FALSE,TRUE,FALSE,FALSE,FALSE,FALSE,TRUE,TRUE,TRUE,FALSE,TRUE,FALSE,72
Chipping Sparrow,Spizella passerina,originalcore,Brown,Egg-laying,Lay 1 [egg] on any bird.,FALSE,FALSE,FALSE,1,Bowl,3,23,TRUE,TRUE,FALSE,1,1,0,0,0,0,TRUE,1,FALSE,FALSE,FALSE,FALSE,TRUE,TRUE,FALSE,TRUE,FALSE,FALSE,FALSE,FALSE,FALSE,FALSE,FALSE,FALSE,FALSE,TRUE,FALSE,FALSE,FALSE,FALSE,FALSE,TRUE,FALSE,FALSE,FALSE,FALSE,TRUE,73
Clark's Grebe,Aechmophorus clarkii,originalcore,Brown,Card-drawing,"Draw 1 [card]. If you do, discard 1 [card] from your hand at the end of your turn.",FALSE,FALSE,FALSE,5,Wild,2,61,FALSE,FALSE,TRUE,0,0,1,0,0,0,FALSE,1,FALSE,FALSE,TRUE,FALSE,FALSE,FALSE,FALSE,FALSE,FALSE,TRUE,FALSE,TRUE,FALSE,FALSE,FALSE,TRUE,FALSE,FALSE,TRUE,FALSE,FALSE,FALSE,TRUE,TRUE,FALSE,TRUE,FALSE,FALSE,TRUE,74
Clark's Nutcracker,Nucifraga columbiana,originalcore,Brown,Caching Food,Gain 1 [seed] from the birdfeeder (if available). You may cache it on this card.,FALSE,FALSE,FALSE,5,Platform,2,61,TRUE,FALSE,FALSE,0,2,0,0,0,1,FALSE,3,FALSE,FALSE,TRUE,FALSE,FALSE,FALSE,FALSE,TRUE,TRUE,FALSE,FALSE,FALSE,FALSE,TRUE,FALSE,FALSE,TRUE,FALSE,TRUE,FALSE,FALSE,FALSE,FALSE,FALSE,FALSE,TRUE,FALSE,FALSE,TRUE,75
Common Grackle,Quiscalus quiscula,originalcore,Brown,Flocking,"Tuck a [card] from your hand behind this bird. If you do, also lay 1 [egg] on this bird.",FALSE,TRUE,FALSE,3,Bowl,3,43,TRUE,TRUE,TRUE,0,1,0,0,0,1,FALSE,2,FALSE,FALSE,FALSE,FALSE,TRUE,TRUE,TRUE,TRUE,FALSE,FALSE,FALSE,FALSE,FALSE,FALSE,FALSE,FALSE,TRUE,FALSE,FALSE,FALSE,FALSE,FALSE,FALSE,TRUE,FALSE,FALSE,FALSE,TRUE,FALSE,83
Common Loon,Gavia immer,originalcore,Brown,Card-drawing,Player(s) with the fewest [wetland] birds: draw 1 [card].,FALSE,FALSE,FALSE,6,Ground,1,117,FALSE,FALSE,TRUE,0,0,1,0,0,1,FALSE,2,FALSE,FALSE,FALSE,FALSE,FALSE,FALSE,FALSE,FALSE,FALSE,TRUE,FALSE,TRUE,FALSE,FALSE,TRUE,FALSE,TRUE,FALSE,FALSE,FALSE,FALSE,FALSE,TRUE,FALSE,FALSE,TRUE,FALSE,TRUE,TRUE,86
Common Merganser,Mergus merganser,originalcore,Brown,Hunting/Fishing,"Roll all dice not in birdfeeder. If any are [fish], gain 1 [fish] and cache it on this card.",TRUE,FALSE,FALSE,5,Cavity,4,86,FALSE,FALSE,TRUE,0,0,1,0,0,1,FALSE,2,FALSE,FALSE,FALSE,FALSE,FALSE,FALSE,FALSE,FALSE,FALSE,FALSE,TRUE,TRUE,FALSE,FALSE,TRUE,TRUE,TRUE,FALSE,FALSE,FALSE,FALSE,FALSE,TRUE,FALSE,FALSE,FALSE,FALSE,FALSE,TRUE,87
Common Nighthawk,Chordeiles minor,originalcore,Brown,Other,"If this bird is to the right of all other birds in its habitat, move it to another habitat.",FALSE,FALSE,FALSE,3,Ground,2,56,TRUE,TRUE,TRUE,2,0,0,0,0,0,FALSE,2,FALSE,FALSE,FALSE,FALSE,TRUE,TRUE,FALSE,FALSE,FALSE,TRUE,FALSE,FALSE,TRUE,FALSE,FALSE,FALSE,FALSE,FALSE,FALSE,FALSE,FALSE,FALSE,FALSE,FALSE,TRUE,TRUE,FALSE,FALSE,TRUE,89
Common Raven,Corvus corax,originalcore,Brown,Food from Supply,Discard 1 [egg] from any of your other birds to gain 2 [wild] from the supply.,FALSE,FALSE,FALSE,5,Platform,2,135,TRUE,TRUE,TRUE,0,0,0,0,1,2,FALSE,3,FALSE,FALSE,FALSE,FALSE,FALSE,TRUE,FALSE,FALSE,TRUE,FALSE,FALSE,FALSE,FALSE,FALSE,TRUE,FALSE,TRUE,FALSE,TRUE,FALSE,TRUE,FALSE,FALSE,FALSE,FALSE,TRUE,FALSE,TRUE,FALSE,91
Common Yellowthroat,Geothlypis trichas,originalcore,Brown,Card-drawing,"Draw 2 [card]. If you do, discard 1 [card] from your hand at the end of your turn.",FALSE,FALSE,FALSE,1,Bowl,4,18,FALSE,FALSE,TRUE,1,0,0,0,0,0,FALSE,1,TRUE,FALSE,FALSE,TRUE,TRUE,FALSE,FALSE,FALSE,FALSE,FALSE,FALSE,FALSE,TRUE,FALSE,FALSE,FALSE,FALSE,TRUE,FALSE,FALSE,FALSE,FALSE,TRUE,TRUE,FALSE,FALSE,FALSE,TRUE,FALSE,94
Cooper's Hawk,Accipiter cooperii,originalcore,Brown,Hunting/Fishing,"Look at a [card] from the deck. If <75cm, tuck it behind this bird. If not, discard it.",TRUE,FALSE,FALSE,3,Platform,2,79,TRUE,FALSE,FALSE,0,0,0,0,1,0,FALSE,1,FALSE,FALSE,TRUE,FALSE,TRUE,FALSE,FALSE,FALSE,FALSE,FALSE,TRUE,FALSE,FALSE,TRUE,TRUE,FALSE,FALSE,FALSE,TRUE,FALSE,TRUE,FALSE,FALSE,FALSE,FALSE,TRUE,FALSE,TRUE,FALSE,95
Dark-Eyed Junco,Junco hyemalis,originalcore,Brown,Flocking,"Tuck a [card] from your hand behind this bird. If you do, gain 1 [seed] from the supply.",FALSE,TRUE,FALSE,3,Ground,3,23,TRUE,TRUE,FALSE,1,1,0,0,0,0,FALSE,2,TRUE,FALSE,FALSE,FALSE,TRUE,TRUE,TRUE,TRUE,FALSE,TRUE,FALSE,FALSE,FALSE,FALSE,FALSE,FALSE,FALSE,TRUE,FALSE,FALSE,FALSE,FALSE,FALSE,FALSE,FALSE,FALSE,FALSE,TRUE,FALSE,97
Dickcissel,Spiza americana,originalcore,Brown,Flocking,"Tuck a [card] from your hand behind this bird. If you do, also lay 1 [egg] on this bird.",FALSE,TRUE,FALSE,4,Ground,3,25,FALSE,TRUE,FALSE,1,2,0,0,0,0,FALSE,3,FALSE,FALSE,FALSE,FALSE,FALSE,FALSE,TRUE,TRUE,TRUE,TRUE,FALSE,FALSE,FALSE,FALSE,FALSE,FALSE,FALSE,TRUE,FALSE,TRUE,FALSE,FALSE,FALSE,FALSE,FALSE,FALSE,FALSE,FALSE,TRUE,98
Double-Crested Cormorant,Phalacrocorax auritus,originalcore,Brown,Flocking,Discard [fish] to tuck 2 [card] from the deck behind this bird.,FALSE,TRUE,FALSE,3,Platform,3,132,FALSE,FALSE,TRUE,0,0,1,0,0,1,FALSE,2,TRUE,FALSE,FALSE,FALSE,TRUE,FALSE,TRUE,FALSE,FALSE,FALSE,FALSE,TRUE,FALSE,FALSE,TRUE,FALSE,TRUE,FALSE,TRUE,FALSE,FALSE,FALSE,TRUE,FALSE,FALSE,FALSE,FALSE,FALSE,TRUE,99
Downy Woodpecker,Picoides pubescens,originalcore,White,Play another,Play a second bird in your [forest]. Pay its normal cost.,FALSE,FALSE,FALSE,3,Cavity,2,30,TRUE,FALSE,FALSE,1,1,0,1,0,0,TRUE,1,FALSE,FALSE,FALSE,FALSE,TRUE,FALSE,FALSE,TRUE,FALSE,FALSE,FALSE,FALSE,FALSE,TRUE,FALSE,TRUE,FALSE,TRUE,FALSE,FALSE,FALSE,TRUE,FALSE,FALSE,FALSE,TRUE,FALSE,TRUE,FALSE,100
Eastern Bluebird,Sialia sialis,originalcore,White,Play another,Play a second bird in your [grassland]. Pay its normal cost.,FALSE,FALSE,FALSE,4,Cavity,5,33,FALSE,TRUE,FALSE,1,0,0,1,0,0,FALSE,2,FALSE,TRUE,FALSE,TRUE,FALSE,FALSE,FALSE,FALSE,FALSE,FALSE,FALSE,FALSE,FALSE,FALSE,FALSE,TRUE,FALSE,FALSE,FALSE,TRUE,FALSE,TRUE,FALSE,FALSE,FALSE,FALSE,FALSE,FALSE,TRUE,102
Eastern Kingbird,Tyrannus tyrannus,originalcore,Pink,Food from Supply,"When another player plays a [forest] bird, gain 1 [invertebrate] from the supply.",FALSE,FALSE,FALSE,2,Bowl,2,38,TRUE,TRUE,TRUE,1,0,0,1,0,0,TRUE,1,FALSE,TRUE,FALSE,FALSE,TRUE,TRUE,FALSE,FALSE,FALSE,FALSE,FALSE,FALSE,FALSE,FALSE,FALSE,FALSE,FALSE,FALSE,FALSE,FALSE,FALSE,TRUE,FALSE,TRUE,FALSE,TRUE,FALSE,FALSE,TRUE,104
Eastern Phoebe,Sayornis phoebe,originalcore,Brown,Food from Supply,All players gain 1 [invertebrate] from the supply.,FALSE,FALSE,FALSE,3,Wild,4,28,TRUE,TRUE,TRUE,1,0,0,1,0,0,TRUE,1,FALSE,TRUE,FALSE,FALSE,TRUE,TRUE,FALSE,FALSE,FALSE,TRUE,FALSE,FALSE,FALSE,FALSE,FALSE,TRUE,FALSE,TRUE,TRUE,FALSE,FALSE,TRUE,FALSE,TRUE,FALSE,FALSE,FALSE,FALSE,TRUE,105
Eastern Screech Owl,Megascops asio,originalcore,Brown,Hunting/Fishing,"Roll all dice not in birdfeeder. If any are [rodent], gain 1 [rodent] and cache it on this card.",TRUE,FALSE,FALSE,4,Cavity,2,51,TRUE,FALSE,FALSE,1,0,0,0,1,0,TRUE,1,FALSE,TRUE,FALSE,FALSE,FALSE,FALSE,FALSE,FALSE,FALSE,FALSE,TRUE,FALSE,FALSE,TRUE,FALSE,TRUE,FALSE,FALSE,FALSE,FALSE,TRUE,FALSE,FALSE,FALSE,FALSE,TRUE,FALSE,FALSE,FALSE,106
Ferruginous Hawk,Buteo regalis,originalcore,Brown,Hunting/Fishing,"Roll all dice not in birdfeeder. If any are [rodent], gain 1 [rodent] and cache it on this card.",TRUE,FALSE,FALSE,6,Platform,2,142,FALSE,TRUE,FALSE,0,0,0,0,2,0,FALSE,2,FALSE,FALSE,FALSE,TRUE,FALSE,FALSE,FALSE,FALSE,FALSE,FALSE,TRUE,FALSE,FALSE,FALSE,TRUE,FALSE,FALSE,FALSE,TRUE,TRUE,TRUE,FALSE,FALSE,FALSE,FALSE,TRUE,FALSE,FALSE,TRUE,124
Fish Crow,Corvus ossifragus,originalcore,Brown,Food from Supply,Discard 1 [egg] from any of your other birds to gain 1 [wild] from the supply.,FALSE,FALSE,FALSE,6,Platform,2,91,TRUE,TRUE,TRUE,0,0,1,0,0,1,FALSE,2,FALSE,FALSE,FALSE,FALSE,FALSE,TRUE,FALSE,FALSE,FALSE,FALSE,FALSE,TRUE,FALSE,FALSE,TRUE,FALSE,TRUE,FALSE,TRUE,FALSE,FALSE,FALSE,FALSE,FALSE,FALSE,TRUE,FALSE,FALSE,TRUE,125
Forster's Tern,Sterna forsteri,originalcore,Brown,Card-drawing,"Draw 1 [card]. If you do, discard 1 [card] from your hand at the end of your turn.",FALSE,FALSE,FALSE,4,Wild,2,79,FALSE,FALSE,TRUE,1,0,1,0,0,0,TRUE,1,FALSE,FALSE,TRUE,FALSE,FALSE,FALSE,FALSE,FALSE,FALSE,TRUE,FALSE,TRUE,FALSE,FALSE,TRUE,TRUE,FALSE,FALSE,TRUE,FALSE,FALSE,FALSE,TRUE,TRUE,FALSE,TRUE,FALSE,TRUE,FALSE,126
Franklin's Gull,Leucophaeus pipixcan,originalcore,Brown,Card-drawing,Discard 1 [egg] to draw 2 [card].,FALSE,FALSE,FALSE,3,Wild,2,91,FALSE,TRUE,TRUE,0,0,1,0,0,1,FALSE,2,FALSE,FALSE,TRUE,FALSE,TRUE,TRUE,FALSE,FALSE,FALSE,TRUE,FALSE,TRUE,FALSE,FALSE,TRUE,TRUE,TRUE,FALSE,TRUE,FALSE,FALSE,FALSE,FALSE,TRUE,FALSE,TRUE,FALSE,FALSE,TRUE,127
Golden Eagle,Aquila chrysaetos,originalcore,Brown,Hunting/Fishing,"Look at a [card] from the deck. If <100cm, tuck it behind this bird. If not, discard it.",TRUE,FALSE,FALSE,8,Platform,1,201,FALSE,TRUE,TRUE,0,0,0,0,3,0,FALSE,3,FALSE,FALSE,FALSE,TRUE,FALSE,TRUE,FALSE,FALSE,TRUE,FALSE,TRUE,FALSE,FALSE,FALSE,TRUE,FALSE,FALSE,FALSE,TRUE,FALSE,TRUE,FALSE,FALSE,FALSE,FALSE,TRUE,FALSE,FALSE,TRUE,129
Grasshopper Sparrow,Ammodramus savannarum,originalcore,Brown,Egg-laying,Lay 1 [egg] on any bird.,FALSE,FALSE,FALSE,2,Ground,2,20,FALSE,TRUE,FALSE,1,1,0,0,0,0,TRUE,1,FALSE,FALSE,FALSE,FALSE,TRUE,FALSE,FALSE,TRUE,FALSE,TRUE,FALSE,FALSE,FALSE,FALSE,FALSE,FALSE,FALSE,TRUE,FALSE,TRUE,FALSE,FALSE,FALSE,FALSE,FALSE,TRUE,FALSE,TRUE,FALSE,130
Gray Catbird,Dumetella carolinensis,originalcore,Brown,Other,Repeat a brown power on one other bird in this habitat.,FALSE,FALSE,FALSE,5,Bowl,3,28,TRUE,TRUE,TRUE,1,0,0,2,0,0,FALSE,3,FALSE,FALSE,FALSE,TRUE,FALSE,TRUE,FALSE,FALSE,TRUE,FALSE,FALSE,FALSE,FALSE,FALSE,FALSE,FALSE,FALSE,TRUE,FALSE,FALSE,FALSE,TRUE,FALSE,TRUE,FALSE,FALSE,FALSE,TRUE,FALSE,131
Great Blue Heron,Ardea herodias,originalcore,White,Play another,Play a second bird in your [wetland]. Pay its normal cost.,FALSE,FALSE,FALSE,5,Platform,2,183,FALSE,FALSE,TRUE,1,0,1,0,0,0,FALSE,2,FALSE,FALSE,FALSE,TRUE,FALSE,FALSE,FALSE,FALSE,FALSE,FALSE,FALSE,TRUE,FALSE,FALSE,TRUE,FALSE,FALSE,FALSE,TRUE,FALSE,FALSE,FALSE,TRUE,FALSE,FALSE,TRUE,FALSE,FALSE,TRUE,132
Great Crested Flycatcher,Myiarchus crinitus,originalcore,Brown,Food from Birdfeeder,"Gain 1 [invertebrate] from the birdfeeder, if there is one.",FALSE,FALSE,FALSE,5,Cavity,3,33,TRUE,FALSE,FALSE,1,0,0,1,0,0,FALSE,2,TRUE,FALSE,FALSE,FALSE,FALSE,FALSE,FALSE,FALSE,FALSE,FALSE,FALSE,FALSE,FALSE,TRUE,FALSE,TRUE,FALSE,FALSE,FALSE,FALSE,FALSE,TRUE,FALSE,FALSE,FALSE,FALSE,FALSE,FALSE,TRUE,133
Great Egret,Ardea alba,originalcore,White,Play another,Play a second bird in your [wetland]. Pay its normal cost.,FALSE,FALSE,FALSE,7,Platform,3,130,FALSE,FALSE,TRUE,0,0,2,0,1,0,FALSE,3,FALSE,FALSE,FALSE,FALSE,FALSE,FALSE,FALSE,FALSE,TRUE,FALSE,FALSE,TRUE,FALSE,FALSE,TRUE,FALSE,FALSE,FALSE,TRUE,FALSE,TRUE,FALSE,TRUE,FALSE,FALSE,FALSE,FALSE,FALSE,TRUE,135
Great Horned Owl,Bubo virginianus,originalcore,Brown,Hunting/Fishing,"Look at a [card] from the deck. If <100cm, tuck it behind this bird. If not, discard it.",TRUE,FALSE,FALSE,8,Platform,2,112,TRUE,FALSE,FALSE,0,0,0,0,3,0,FALSE,3,FALSE,FALSE,FALSE,FALSE,FALSE,FALSE,FALSE,FALSE,TRUE,FALSE,TRUE,FALSE,FALSE,TRUE,TRUE,FALSE,FALSE,FALSE,TRUE,FALSE,TRUE,FALSE,FALSE,FALSE,FALSE,TRUE,FALSE,FALSE,TRUE,136
Greater Prairie Chicken,Tympanuchus cupido,originalcore,White,Other,Draw 2 new bonus cards and keep 1.,FALSE,FALSE,TRUE,5,Ground,4,71,FALSE,TRUE,FALSE,1,2,0,0,0,0,FALSE,3,FALSE,TRUE,FALSE,FALSE,FALSE,FALSE,FALSE,TRUE,TRUE,TRUE,FALSE,FALSE,FALSE,FALSE,TRUE,FALSE,FALSE,FALSE,FALSE,TRUE,FALSE,FALSE,FALSE,FALSE,FALSE,FALSE,TRUE,FALSE,TRUE,139
Greater Roadrunner,Geococcyx californianus,originalcore,Brown,Hunting/Fishing,"Look at a [card] from the deck. If <50cm, tuck it behind this bird. If not, discard it.",TRUE,FALSE,FALSE,7,Platform,2,56,FALSE,TRUE,FALSE,1,0,0,0,1,1,FALSE,3,FALSE,FALSE,FALSE,FALSE,FALSE,FALSE,FALSE,FALSE,TRUE,FALSE,TRUE,FALSE,FALSE,FALSE,FALSE,FALSE,TRUE,FALSE,TRUE,TRUE,TRUE,FALSE,FALSE,FALSE,FALSE,TRUE,FALSE,TRUE,FALSE,140
Green Heron,Butorides virescens,originalcore,Brown,Food from Supply,Trade 1 [wild] for any other [wild] from the supply.,FALSE,FALSE,FALSE,4,Platform,3,66,FALSE,FALSE,TRUE,1,0,1,0,0,0,TRUE,1,FALSE,FALSE,FALSE,TRUE,FALSE,FALSE,FALSE,FALSE,FALSE,FALSE,FALSE,TRUE,FALSE,FALSE,TRUE,FALSE,FALSE,FALSE,TRUE,FALSE,FALSE,FALSE,TRUE,FALSE,FALSE,FALSE,FALSE,FALSE,TRUE,141
Hermit Thrush,Catharus guttatus,originalcore,Brown,Food from Birdfeeder,Player(s) with fewest [forest] birds gain 1 [die] from birdfeeder.,FALSE,FALSE,FALSE,7,Wild,2,30,TRUE,FALSE,FALSE,1,0,0,2,0,0,FALSE,3,FALSE,FALSE,FALSE,FALSE,FALSE,FALSE,FALSE,FALSE,TRUE,TRUE,FALSE,FALSE,FALSE,TRUE,FALSE,TRUE,FALSE,TRUE,TRUE,FALSE,FALSE,TRUE,FALSE,TRUE,FALSE,TRUE,FALSE,FALSE,TRUE,146
Hooded Merganser,Lophodytes cucullatus,originalcore,Brown,Other,Repeat 1 [predator] power in this habitat.,FALSE,FALSE,FALSE,5,Cavity,4,61,FALSE,FALSE,TRUE,1,0,1,0,0,0,FALSE,2,FALSE,FALSE,FALSE,FALSE,FALSE,FALSE,FALSE,FALSE,FALSE,FALSE,FALSE,TRUE,FALSE,FALSE,FALSE,TRUE,FALSE,FALSE,FALSE,FALSE,FALSE,FALSE,TRUE,FALSE,FALSE,FALSE,FALSE,TRUE,FALSE,148
Hooded Warbler,Setophaga citrina,originalcore,,,,FALSE,FALSE,FALSE,7,Bowl,3,18,TRUE,FALSE,FALSE,2,0,0,0,0,0,FALSE,2,FALSE,FALSE,FALSE,FALSE,FALSE,FALSE,FALSE,FALSE,FALSE,FALSE,FALSE,FALSE,TRUE,TRUE,FALSE,FALSE,FALSE,TRUE,FALSE,FALSE,FALSE,FALSE,FALSE,TRUE,FALSE,FALSE,FALSE,FALSE,TRUE,149
Horned Lark,Eremophila alpestris,originalcore,Pink,Flocking,"When another player plays a [grassland] bird, tuck 1 [card] from your hand behind this bird.",FALSE,TRUE,FALSE,5,Ground,4,30,FALSE,TRUE,FALSE,1,1,0,0,0,0,FALSE,2,FALSE,FALSE,FALSE,FALSE,FALSE,FALSE,TRUE,TRUE,FALSE,TRUE,FALSE,FALSE,FALSE,FALSE,FALSE,FALSE,FALSE,TRUE,FALSE,TRUE,FALSE,FALSE,FALSE,FALSE,FALSE,FALSE,FALSE,FALSE,FALSE,150
House Finch,Haemorhous mexicanus,originalcore,Brown,Flocking,"Tuck a [card] from your hand behind this bird. If you do, draw 1 [card].",FALSE,TRUE,FALSE,3,Bowl,6,25,TRUE,TRUE,TRUE,0,1,0,1,0,0,FALSE,2,FALSE,FALSE,FALSE,FALSE,TRUE,TRUE,TRUE,TRUE,FALSE,FALSE,FALSE,FALSE,FALSE,FALSE,FALSE,FALSE,FALSE,TRUE,FALSE,FALSE,FALSE,TRUE,FALSE,TRUE,FALSE,FALSE,FALSE,TRUE,FALSE,151
House Wren,Troglodytes aedon,originalcore,White,Play another,Play a second bird in your [grassland] or [forest]. Pay its normal cost.,FALSE,FALSE,FALSE,1,Cavity,5,15,TRUE,TRUE,FALSE,1,0,0,0,0,0,FALSE,1,FALSE,FALSE,FALSE,FALSE,TRUE,TRUE,FALSE,FALSE,FALSE,FALSE,FALSE,FALSE,TRUE,FALSE,FALSE,TRUE,FALSE,TRUE,FALSE,FALSE,FALSE,FALSE,FALSE,FALSE,FALSE,FALSE,FALSE,FALSE,TRUE,153
Inca Dove,Columbina inca,originalcore,White,Egg-laying,Lay 1 [egg] on each of your birds with a [platform] nest.,FALSE,FALSE,FALSE,2,Platform,4,28,FALSE,TRUE,FALSE,0,2,0,0,0,0,FALSE,2,FALSE,TRUE,FALSE,FALSE,TRUE,FALSE,FALSE,TRUE,FALSE,FALSE,FALSE,FALSE,FALSE,FALSE,FALSE,FALSE,FALSE,TRUE,TRUE,TRUE,FALSE,FALSE,FALSE,FALSE,FALSE,FALSE,FALSE,TRUE,FALSE,154
Indigo Bunting,Passerina cyanea,originalcore,Brown,Food from Birdfeeder,"Gain 1 [invertebrate] or [fruit] from the birdfeeder, if there is one.",FALSE,FALSE,FALSE,5,Bowl,3,20,TRUE,TRUE,FALSE,1,1,0,1,0,0,FALSE,3,FALSE,FALSE,FALSE,TRUE,FALSE,TRUE,FALSE,TRUE,TRUE,FALSE,FALSE,FALSE,FALSE,FALSE,FALSE,FALSE,FALSE,TRUE,FALSE,FALSE,FALSE,TRUE,FALSE,TRUE,FALSE,FALSE,FALSE,TRUE,FALSE,155
Juniper Titmouse,Baeolophus ridgwayi,originalcore,Brown,Caching Food,Gain 1 [seed] from the supply and cache it on this card.,FALSE,FALSE,FALSE,4,Cavity,3,23,TRUE,FALSE,FALSE,1,1,0,0,0,0,FALSE,2,FALSE,FALSE,FALSE,FALSE,FALSE,FALSE,FALSE,TRUE,FALSE,FALSE,FALSE,FALSE,FALSE,TRUE,FALSE,TRUE,FALSE,TRUE,FALSE,FALSE,FALSE,FALSE,FALSE,FALSE,FALSE,FALSE,FALSE,TRUE,FALSE,156
Killdeer,Charadrius vociferus,originalcore,Brown,Card-drawing,Discard 1 [egg] to draw 2 [card].,FALSE,FALSE,FALSE,1,Ground,3,46,FALSE,TRUE,TRUE,1,1,0,0,0,0,TRUE,1,FALSE,FALSE,FALSE,FALSE,TRUE,TRUE,FALSE,TRUE,FALSE,TRUE,FALSE,FALSE,FALSE,FALSE,FALSE,FALSE,FALSE,FALSE,FALSE,FALSE,FALSE,FALSE,FALSE,FALSE,FALSE,FALSE,FALSE,TRUE,FALSE,157
King Rail,Rallus elegans,originalcore,White,Other,Draw 2 new bonus cards and keep 1.,FALSE,FALSE,TRUE,4,Platform,6,51,FALSE,FALSE,TRUE,1,0,1,0,0,1,FALSE,3,FALSE,FALSE,FALSE,FALSE,FALSE,FALSE,FALSE,FALSE,TRUE,FALSE,FALSE,TRUE,FALSE,FALSE,FALSE,FALSE,TRUE,FALSE,TRUE,FALSE,FALSE,FALSE,TRUE,FALSE,FALSE,FALSE,TRUE,TRUE,FALSE,158
Lazuli Bunting,Passerina amoena,originalcore,Brown,Egg-laying,All players lay 1 [egg] on any 1 [bowl] bird. You may lay 1 [egg] on 1 additional [bowl] bird.,FALSE,FALSE,FALSE,4,Bowl,4,23,FALSE,TRUE,FALSE,1,1,0,1,0,0,FALSE,3,FALSE,FALSE,FALSE,TRUE,FALSE,FALSE,FALSE,TRUE,TRUE,FALSE,FALSE,FALSE,FALSE,FALSE,FALSE,FALSE,FALSE,TRUE,FALSE,TRUE,FALSE,TRUE,FALSE,TRUE,FALSE,FALSE,FALSE,FALSE,TRUE,159
Lincoln's Sparrow,Melospiza lincolnii,originalcore,Brown,Other,"If this bird is to the right of all other birds in its habitat, move it to another habitat.",FALSE,FALSE,FALSE,3,Ground,2,20,TRUE,TRUE,TRUE,1,1,0,0,0,0,FALSE,2,FALSE,FALSE,TRUE,FALSE,TRUE,TRUE,FALSE,TRUE,FALSE,TRUE,FALSE,FALSE,FALSE,FALSE,FALSE,FALSE,FALSE,TRUE,FALSE,FALSE,FALSE,FALSE,FALSE,FALSE,FALSE,TRUE,FALSE,FALSE,TRUE,161
Loggerhead Shrike,Lanius ludovicianus,originalcore,Pink,Caching Food,"When another player takes the ""gain food"" action, if they gain any number of [rodent], also gain 1 [rodent] from the supply and cache it on this card.",FALSE,FALSE,FALSE,3,Bowl,4,30,FALSE,TRUE,TRUE,1,0,0,0,1,0,FALSE,2,TRUE,FALSE,FALSE,FALSE,TRUE,TRUE,FALSE,FALSE,FALSE,FALSE,FALSE,FALSE,FALSE,FALSE,FALSE,FALSE,FALSE,TRUE,FALSE,FALSE,TRUE,FALSE,FALSE,TRUE,FALSE,FALSE,FALSE,TRUE,FALSE,164
Mallard,Anas platyrhynchos,originalcore,Brown,Card-drawing,Draw 1 [card].,FALSE,FALSE,FALSE,0,Ground,4,89,FALSE,FALSE,TRUE,1,1,0,0,0,0,TRUE,1,FALSE,FALSE,FALSE,FALSE,TRUE,FALSE,FALSE,TRUE,FALSE,TRUE,FALSE,FALSE,FALSE,FALSE,TRUE,FALSE,FALSE,FALSE,FALSE,FALSE,FALSE,FALSE,TRUE,FALSE,FALSE,FALSE,FALSE,FALSE,TRUE,166
Mississippi Kite,Ictinia mississippiensis,originalcore,Brown,Hunting/Fishing,"Roll all dice not in birdfeeder. If any are [rodent], gain 1 [rodent] and cache it on this card.",TRUE,FALSE,FALSE,4,Platform,1,79,TRUE,TRUE,FALSE,1,0,0,0,1,0,TRUE,1,FALSE,TRUE,FALSE,FALSE,FALSE,TRUE,FALSE,FALSE,FALSE,FALSE,TRUE,FALSE,FALSE,FALSE,TRUE,FALSE,FALSE,FALSE,TRUE,FALSE,TRUE,FALSE,FALSE,FALSE,FALSE,TRUE,FALSE,TRUE,FALSE,167
Mountain Bluebird,Sialia currucoides,originalcore,White,Play another,Play a second bird in your [grassland]. Pay its normal cost.,FALSE,FALSE,FALSE,4,Cavity,5,36,FALSE,TRUE,FALSE,1,0,0,1,0,0,FALSE,2,FALSE,TRUE,FALSE,TRUE,FALSE,FALSE,FALSE,FALSE,FALSE,FALSE,FALSE,FALSE,FALSE,FALSE,FALSE,TRUE,FALSE,FALSE,FALSE,TRUE,FALSE,TRUE,FALSE,FALSE,FALSE,FALSE,FALSE,FALSE,TRUE,170
Mountain Chickadee,Poecile gambeli,originalcore,Brown,Caching Food,Gain 1 [seed] from the supply and cache it on this card.,FALSE,FALSE,FALSE,2,Cavity,3,23,TRUE,FALSE,FALSE,1,1,0,0,0,0,TRUE,1,FALSE,TRUE,FALSE,FALSE,TRUE,FALSE,FALSE,TRUE,FALSE,FALSE,FALSE,FALSE,FALSE,TRUE,FALSE,TRUE,FALSE,TRUE,FALSE,FALSE,FALSE,FALSE,FALSE,FALSE,FALSE,FALSE,FALSE,TRUE,FALSE,171
Mourning Dove,Zenaida macroura,originalcore,Brown,Egg-laying,Lay 1 [egg] on this bird.,FALSE,FALSE,FALSE,0,Platform,5,46,TRUE,TRUE,TRUE,0,1,0,0,0,0,FALSE,1,FALSE,FALSE,FALSE,FALSE,TRUE,TRUE,FALSE,TRUE,FALSE,FALSE,FALSE,FALSE,FALSE,FALSE,FALSE,FALSE,FALSE,FALSE,TRUE,FALSE,FALSE,FALSE,FALSE,FALSE,FALSE,FALSE,FALSE,FALSE,TRUE,172
Northern Bobwhite,Colinus virginianus,originalcore,Brown,Egg-laying,Lay 1 [egg] on this bird.,FALSE,FALSE,FALSE,5,Ground,6,33,FALSE,TRUE,FALSE,0,3,0,0,0,0,FALSE,3,FALSE,TRUE,FALSE,TRUE,FALSE,FALSE,FALSE,TRUE,TRUE,TRUE,FALSE,FALSE,FALSE,FALSE,FALSE,FALSE,FALSE,FALSE,FALSE,TRUE,FALSE,FALSE,FALSE,FALSE,FALSE,FALSE,FALSE,TRUE,FALSE,174
Northern Cardinal,Cardinalis cardinalis,originalcore,Brown,Food from Supply,Gain 1 [fruit] from the supply.,FALSE,FALSE,FALSE,3,Bowl,5,30,TRUE,FALSE,FALSE,0,1,0,1,0,0,FALSE,2,FALSE,TRUE,FALSE,FALSE,TRUE,FALSE,FALSE,TRUE,FALSE,FALSE,FALSE,FALSE,FALSE,TRUE,FALSE,FALSE,FALSE,TRUE,FALSE,FALSE,FALSE,TRUE,FALSE,TRUE,FALSE,FALSE,FALSE,FALSE,TRUE,175
Northern Flicker,Colaptes auratus,originalcore,White,Food from Birdfeeder,Gain all [invertebrate] that are in the birdfeeder.,FALSE,FALSE,FALSE,2,Cavity,4,51,TRUE,TRUE,FALSE,1,1,0,1,0,0,TRUE,1,FALSE,TRUE,FALSE,FALSE,TRUE,TRUE,FALSE,TRUE,FALSE,FALSE,FALSE,FALSE,FALSE,FALSE,FALSE,TRUE,FALSE,FALSE,FALSE,FALSE,FALSE,TRUE,FALSE,FALSE,FALSE,FALSE,FALSE,FALSE,TRUE,176
Northern Harrier,Circus cyaneus,originalcore,Brown,Hunting/Fishing,"Look at a [card] from the deck. If <75cm, tuck it behind this bird. If not, discard it.",TRUE,FALSE,FALSE,3,Platform,2,109,FALSE,TRUE,TRUE,0,0,0,0,1,0,FALSE,1,FALSE,TRUE,FALSE,FALSE,TRUE,TRUE,FALSE,FALSE,FALSE,FALSE,TRUE,FALSE,FALSE,FALSE,TRUE,FALSE,FALSE,FALSE,TRUE,FALSE,TRUE,FALSE,FALSE,FALSE,FALSE,TRUE,FALSE,FALSE,TRUE,179
Northern Mockingbird,Mimus polyglottos,originalcore,Brown,Other,Repeat a brown power on one other bird in this habitat.,FALSE,FALSE,FALSE,2,Bowl,4,36,TRUE,TRUE,TRUE,1,0,0,1,0,0,FALSE,2,FALSE,TRUE,FALSE,FALSE,TRUE,TRUE,FALSE,FALSE,FALSE,FALSE,FALSE,FALSE,FALSE,FALSE,FALSE,FALSE,FALSE,FALSE,FALSE,FALSE,FALSE,TRUE,FALSE,TRUE,FALSE,FALSE,FALSE,TRUE,FALSE,180
Northern Shoveler,Spatula clypeata,originalcore,Brown,Card-drawing,All players draw 1 [card] from the deck.,FALSE,FALSE,FALSE,7,Ground,4,76,FALSE,FALSE,TRUE,1,2,0,0,0,0,FALSE,3,FALSE,TRUE,FALSE,FALSE,FALSE,FALSE,FALSE,TRUE,TRUE,TRUE,FALSE,FALSE,FALSE,FALSE,TRUE,FALSE,FALSE,FALSE,FALSE,FALSE,FALSE,FALSE,TRUE,FALSE,FALSE,FALSE,FALSE,TRUE,FALSE,181
Osprey,Pandion haliaetus,originalcore,Brown,Food from Supply,All players gain 1 [fish] from the supply.,FALSE,FALSE,FALSE,5,Platform,2,160,FALSE,FALSE,TRUE,0,0,1,0,0,0,FALSE,1,FALSE,FALSE,FALSE,FALSE,FALSE,FALSE,FALSE,FALSE,FALSE,FALSE,FALSE,TRUE,FALSE,FALSE,TRUE,FALSE,FALSE,FALSE,TRUE,FALSE,FALSE,FALSE,TRUE,FALSE,FALSE,TRUE,FALSE,TRUE,FALSE,182
Painted Bunting,Passerina ciris,originalcore,White,Other,Draw 2 new bonus cards and keep 1.,FALSE,FALSE,TRUE,5,Bowl,4,23,FALSE,TRUE,FALSE,1,2,0,0,0,0,FALSE,3,FALSE,FALSE,FALSE,FALSE,FALSE,FALSE,FALSE,TRUE,TRUE,FALSE,FALSE,FALSE,FALSE,FALSE,FALSE,FALSE,FALSE,TRUE,FALSE,TRUE,FALSE,FALSE,FALSE,TRUE,FALSE,FALSE,TRUE,FALSE,TRUE,183
Painted Whitestart,Myioborus pictus,originalcore,Brown,,Gain 1 [invertebrate] from the supply.,FALSE,FALSE,FALSE,1,Ground,3,22,TRUE,FALSE,FALSE,1,0,0,0,0,0,FALSE,1,FALSE,FALSE,FALSE,TRUE,TRUE,FALSE,FALSE,FALSE,FALSE,TRUE,FALSE,FALSE,TRUE,TRUE,FALSE,FALSE,FALSE,TRUE,FALSE,FALSE,FALSE,FALSE,FALSE,FALSE,FALSE,FALSE,FALSE,FALSE,TRUE,184
Peregrine Falcon,Falco peregrinus,originalcore,Brown,Hunting/Fishing,"Look at a [card] from the deck. If <100cm, tuck it behind this bird. If not, discard it.",TRUE,FALSE,FALSE,5,Platform,2,104,FALSE,TRUE,TRUE,0,0,0,0,2,0,FALSE,2,FALSE,FALSE,FALSE,FALSE,FALSE,TRUE,FALSE,FALSE,FALSE,FALSE,TRUE,FALSE,FALSE,FALSE,TRUE,FALSE,FALSE,FALSE,TRUE,FALSE,TRUE,FALSE,FALSE,FALSE,FALSE,TRUE,FALSE,TRUE,FALSE,186
Pied-Billed Grebe,Podilymbus podiceps,originalcore,Brown,Card-drawing,"Draw 2 [card]. If you do, discard 1 [card] from your hand at the end of your turn.",FALSE,FALSE,FALSE,0,Platform,4,41,FALSE,FALSE,TRUE,1,0,1,0,0,0,TRUE,1,TRUE,FALSE,FALSE,FALSE,TRUE,FALSE,FALSE,FALSE,FALSE,FALSE,FALSE,TRUE,FALSE,FALSE,FALSE,FALSE,FALSE,FALSE,TRUE,FALSE,FALSE,FALSE,TRUE,FALSE,FALSE,FALSE,FALSE,TRUE,FALSE,187
Pileated Woodpecker,Dryocopus pileatus,originalcore,Brown,Egg-laying,All players lay 1 [egg] on any 1 [cavity] bird. You may lay 1 [egg] on 1 additional [cavity] bird.,FALSE,FALSE,FALSE,4,Cavity,2,74,TRUE,FALSE,FALSE,1,0,0,1,0,0,FALSE,2,FALSE,FALSE,FALSE,FALSE,FALSE,FALSE,FALSE,FALSE,FALSE,FALSE,FALSE,FALSE,FALSE,TRUE,TRUE,TRUE,FALSE,FALSE,FALSE,FALSE,FALSE,TRUE,FALSE,FALSE,FALSE,TRUE,FALSE,FALSE,TRUE,188
Pine Siskin,Spinus pinus,originalcore,Brown,Flocking,"Tuck a [card] from your hand behind this bird. If you do, gain 1 [seed] from the supply.",FALSE,TRUE,FALSE,3,Bowl,2,23,TRUE,FALSE,FALSE,0,2,0,0,0,0,FALSE,2,FALSE,FALSE,FALSE,FALSE,TRUE,FALSE,TRUE,TRUE,FALSE,FALSE,FALSE,FALSE,FALSE,TRUE,FALSE,FALSE,FALSE,TRUE,FALSE,FALSE,FALSE,FALSE,FALSE,TRUE,FALSE,TRUE,FALSE,FALSE,TRUE,189
Prothonotary Warbler,Protonotaria citrea,originalcore,,,,FALSE,FALSE,FALSE,8,Cavity,4,23,TRUE,FALSE,TRUE,2,1,0,0,0,0,FALSE,3,FALSE,FALSE,FALSE,FALSE,FALSE,TRUE,FALSE,TRUE,TRUE,FALSE,FALSE,FALSE,FALSE,FALSE,FALSE,TRUE,FALSE,TRUE,FALSE,FALSE,FALSE,FALSE,FALSE,FALSE,FALSE,FALSE,FALSE,TRUE,FALSE,190
Purple Gallinule,Porphyrio martinicus,originalcore,Brown,Card-drawing,All players draw 1 [card] from the deck.,FALSE,FALSE,FALSE,7,Platform,4,56,FALSE,FALSE,TRUE,0,1,0,1,0,1,FALSE,3,FALSE,FALSE,FALSE,TRUE,FALSE,FALSE,FALSE,TRUE,TRUE,FALSE,FALSE,FALSE,FALSE,FALSE,FALSE,FALSE,TRUE,FALSE,TRUE,FALSE,FALSE,TRUE,TRUE,FALSE,FALSE,FALSE,FALSE,FALSE,TRUE,191
Purple Martin,Progne subis,originalcore,Brown,Flocking,"Tuck a [card] from your hand behind this bird. If you do, draw 1 [card].",FALSE,TRUE,FALSE,2,Cavity,3,46,FALSE,TRUE,TRUE,1,0,0,0,0,0,FALSE,1,FALSE,FALSE,FALSE,TRUE,TRUE,TRUE,TRUE,FALSE,FALSE,FALSE,FALSE,FALSE,TRUE,FALSE,FALSE,TRUE,FALSE,FALSE,FALSE,FALSE,FALSE,FALSE,FALSE,FALSE,FALSE,FALSE,FALSE,TRUE,FALSE,192
Pygmy Nuthatch,Sitta pygmaea,originalcore,Brown,Flocking,"Tuck a [card] from your hand behind this bird. If you do, gain 1 [invertebrate] or 1 [seed] from the supply.",FALSE,TRUE,FALSE,2,Cavity,4,20,TRUE,FALSE,FALSE,1,1,0,0,0,0,FALSE,2,FALSE,FALSE,FALSE,FALSE,TRUE,FALSE,TRUE,TRUE,FALSE,FALSE,FALSE,FALSE,FALSE,TRUE,FALSE,TRUE,FALSE,TRUE,FALSE,FALSE,FALSE,FALSE,FALSE,FALSE,FALSE,FALSE,FALSE,FALSE,TRUE,193
Red Crossbill,Loxia curvirostra,originalcore,Brown,Food from Supply,All players gain 1 [seed] from the supply.,FALSE,FALSE,FALSE,6,Bowl,2,28,TRUE,FALSE,FALSE,0,2,0,0,0,0,FALSE,2,TRUE,FALSE,FALSE,TRUE,FALSE,FALSE,FALSE,TRUE,FALSE,FALSE,FALSE,FALSE,FALSE,TRUE,FALSE,FALSE,FALSE,TRUE,FALSE,FALSE,FALSE,FALSE,FALSE,TRUE,FALSE,TRUE,FALSE,TRUE,FALSE,194
Red-Bellied Woodpecker,Melanerpes carolinus,originalcore,Brown,Caching Food,Gain 1 [seed] from the birdfeeder (if available). You may cache it on this card.,FALSE,FALSE,FALSE,1,Cavity,3,41,TRUE,FALSE,FALSE,1,1,0,0,0,0,TRUE,1,TRUE,FALSE,FALSE,TRUE,TRUE,FALSE,FALSE,TRUE,FALSE,FALSE,FALSE,FALSE,FALSE,TRUE,FALSE,TRUE,FALSE,FALSE,FALSE,FALSE,FALSE,FALSE,FALSE,FALSE,FALSE,FALSE,FALSE,FALSE,TRUE,198
Red-Breasted Merganser,Mergus serrator,originalcore,Brown,,"Draw 2 [card]. If you do, discard 1 [card] from your hand at the end of your turn.",FALSE,FALSE,FALSE,3,Ground,4,78,FALSE,FALSE,TRUE,1,0,1,0,0,0,FALSE,2,TRUE,FALSE,FALSE,TRUE,TRUE,FALSE,FALSE,FALSE,FALSE,TRUE,FALSE,TRUE,FALSE,FALSE,TRUE,FALSE,FALSE,FALSE,FALSE,FALSE,FALSE,FALSE,TRUE,FALSE,FALSE,FALSE,FALSE,FALSE,TRUE,199
Red-Breasted Nuthatch,Sitta canadensis,originalcore,Brown,Caching Food,Gain 1 [seed] from the supply and cache it on this card.,FALSE,FALSE,FALSE,2,Cavity,3,23,TRUE,FALSE,FALSE,1,1,0,0,0,0,TRUE,1,TRUE,FALSE,FALSE,TRUE,TRUE,FALSE,FALSE,TRUE,FALSE,FALSE,FALSE,FALSE,FALSE,TRUE,FALSE,TRUE,FALSE,TRUE,FALSE,FALSE,FALSE,FALSE,FALSE,FALSE,FALSE,FALSE,FALSE,FALSE,TRUE,200
Red-Cockaded Woodpecker,Picoides borealis,originalcore,White,Other,Draw 2 new bonus cards and keep 1.,FALSE,FALSE,TRUE,4,Cavity,2,36,TRUE,FALSE,FALSE,1,0,0,1,0,0,FALSE,2,FALSE,FALSE,FALSE,TRUE,FALSE,FALSE,FALSE,FALSE,FALSE,FALSE,FALSE,FALSE,FALSE,TRUE,FALSE,TRUE,FALSE,FALSE,FALSE,FALSE,FALSE,TRUE,FALSE,FALSE,FALSE,TRUE,TRUE,FALSE,TRUE,201
Red-Eyed Vireo,Vireo olivaceus,originalcore,White,Play another,Play a second bird in your [forest]. Pay its normal cost.,FALSE,FALSE,FALSE,3,Wild,2,25,TRUE,FALSE,FALSE,1,0,0,1,0,0,TRUE,1,TRUE,FALSE,FALSE,TRUE,TRUE,FALSE,FALSE,FALSE,FALSE,TRUE,FALSE,FALSE,FALSE,TRUE,FALSE,TRUE,FALSE,TRUE,TRUE,FALSE,FALSE,TRUE,FALSE,TRUE,FALSE,TRUE,FALSE,FALSE,TRUE,202
Red-Headed Woodpecker,Melanerpes erythrocephalus,originalcore,Brown,Caching Food,Gain 1 [seed] from the birdfeeder (if available). You may cache it on this card.,FALSE,FALSE,FALSE,4,Cavity,3,43,TRUE,TRUE,TRUE,1,1,0,0,0,1,FALSE,3,TRUE,FALSE,FALSE,TRUE,FALSE,TRUE,FALSE,TRUE,TRUE,FALSE,FALSE,FALSE,FALSE,FALSE,FALSE,TRUE,TRUE,FALSE,FALSE,FALSE,FALSE,FALSE,FALSE,FALSE,FALSE,FALSE,FALSE,FALSE,TRUE,203
Red-Shouldered Hawk,Buteo lineatus,originalcore,Brown,Hunting/Fishing,"Look at a [card] from the deck. If <75cm, tuck it under this bird. If not, discard it.",TRUE,FALSE,FALSE,3,Platform,2,102,TRUE,FALSE,FALSE,0,0,0,0,1,0,FALSE,1,TRUE,FALSE,FALSE,TRUE,TRUE,FALSE,FALSE,FALSE,FALSE,FALSE,TRUE,FALSE,FALSE,TRUE,TRUE,FALSE,FALSE,FALSE,TRUE,FALSE,TRUE,FALSE,FALSE,FALSE,FALSE,TRUE,FALSE,FALSE,TRUE,205
Red-Tailed Hawk,Buteo jamaicensis,originalcore,Brown,Hunting/Fishing,"Look at a [card] from the deck. If <75cm, tuck it behind this bird. If not, discard it.",TRUE,FALSE,FALSE,5,Platform,2,124,TRUE,TRUE,TRUE,0,0,0,0,2,0,FALSE,2,TRUE,FALSE,FALSE,TRUE,FALSE,TRUE,FALSE,FALSE,FALSE,FALSE,TRUE,FALSE,FALSE,FALSE,TRUE,FALSE,FALSE,FALSE,TRUE,FALSE,TRUE,FALSE,FALSE,FALSE,FALSE,TRUE,FALSE,FALSE,TRUE,206
Red-Winged Blackbird,Agelaius phoeniceus,originalcore,Brown,Flocking,"Tuck a [card] from your hand behind this bird. If you do, also lay 1 [egg] on this bird.",FALSE,TRUE,FALSE,2,Bowl,3,33,FALSE,TRUE,TRUE,0,1,0,0,0,0,FALSE,1,TRUE,FALSE,FALSE,TRUE,TRUE,TRUE,TRUE,TRUE,FALSE,FALSE,FALSE,FALSE,FALSE,FALSE,FALSE,FALSE,FALSE,FALSE,FALSE,FALSE,FALSE,FALSE,FALSE,TRUE,FALSE,FALSE,FALSE,TRUE,FALSE,207
Ring-Billed Gull,Larus delawarensis,originalcore,Brown,Flocking,"Tuck a [card] from your hand behind this bird. If you do, draw 1 [card].",FALSE,TRUE,FALSE,4,Ground,2,122,FALSE,FALSE,TRUE,0,0,0,0,0,2,FALSE,2,TRUE,FALSE,FALSE,FALSE,FALSE,FALSE,TRUE,FALSE,FALSE,TRUE,FALSE,FALSE,FALSE,FALSE,TRUE,FALSE,TRUE,FALSE,FALSE,FALSE,FALSE,FALSE,TRUE,FALSE,FALSE,TRUE,FALSE,FALSE,TRUE,208
Roseate Spoonbill,Platalea ajaja,originalcore,White,Other,Draw 2 new bonus cards and keep 1.,FALSE,FALSE,TRUE,6,Platform,2,127,FALSE,FALSE,TRUE,1,1,1,0,0,0,FALSE,3,TRUE,FALSE,FALSE,TRUE,FALSE,FALSE,FALSE,TRUE,TRUE,FALSE,FALSE,TRUE,FALSE,FALSE,TRUE,FALSE,FALSE,FALSE,TRUE,FALSE,FALSE,FALSE,TRUE,FALSE,FALSE,TRUE,TRUE,FALSE,TRUE,210
Rose-Breasted Grosbeak,Pheucticus ludovicianus,originalcore,Brown,Food from Birdfeeder,"Gain 1 [seed] or [fruit] from the birdfeeder, if there is one.",FALSE,FALSE,FALSE,6,Bowl,3,33,TRUE,FALSE,FALSE,1,1,0,1,0,0,FALSE,3,TRUE,FALSE,FALSE,TRUE,FALSE,FALSE,FALSE,TRUE,TRUE,FALSE,FALSE,FALSE,FALSE,TRUE,FALSE,FALSE,FALSE,FALSE,FALSE,FALSE,FALSE,TRUE,FALSE,TRUE,FALSE,FALSE,FALSE,TRUE,FALSE,209
Ruby-Crowned Kinglet,Regulus calendula,originalcore,White,Play another,Play a second bird in your [forest]. Pay its normal cost.,FALSE,FALSE,FALSE,2,Bowl,3,20,TRUE,FALSE,FALSE,1,1,0,1,0,0,TRUE,1,TRUE,FALSE,FALSE,TRUE,TRUE,FALSE,FALSE,TRUE,FALSE,FALSE,FALSE,FALSE,FALSE,TRUE,FALSE,FALSE,FALSE,TRUE,FALSE,FALSE,FALSE,TRUE,FALSE,TRUE,FALSE,FALSE,FALSE,FALSE,TRUE,211
Ruby-Throated Hummingbird,Archilochus colubris,originalcore,Brown,Food from Birdfeeder,"Each player gains 1 [die] from the birdfeeder, starting with the player of your choice.",FALSE,FALSE,FALSE,4,Bowl,2,10,TRUE,TRUE,TRUE,0,0,0,0,0,1,FALSE,1,TRUE,FALSE,FALSE,TRUE,FALSE,TRUE,FALSE,FALSE,FALSE,FALSE,FALSE,FALSE,FALSE,FALSE,FALSE,FALSE,TRUE,TRUE,FALSE,FALSE,FALSE,FALSE,FALSE,TRUE,TRUE,TRUE,FALSE,TRUE,FALSE,212
Ruddy Duck,Oxyura jamaicensis,originalcore,Brown,Card-drawing,"Draw 2 [card]. If you do, discard 1 [card] from your hand at the end of your turn.",FALSE,FALSE,FALSE,0,Platform,5,48,FALSE,FALSE,TRUE,1,1,0,0,0,0,TRUE,1,FALSE,FALSE,FALSE,TRUE,TRUE,FALSE,FALSE,TRUE,FALSE,FALSE,FALSE,FALSE,FALSE,FALSE,FALSE,FALSE,FALSE,FALSE,TRUE,FALSE,FALSE,FALSE,TRUE,FALSE,FALSE,FALSE,FALSE,FALSE,TRUE,213
Sandhill Crane,Antigone canadensis,originalcore,Brown,Flocking,Discard 1 [seed] to tuck 2 [card] from the deck behind this bird.,FALSE,TRUE,FALSE,5,Ground,1,196,FALSE,TRUE,TRUE,0,2,0,0,0,1,FALSE,3,FALSE,TRUE,FALSE,FALSE,FALSE,TRUE,TRUE,TRUE,TRUE,TRUE,FALSE,FALSE,FALSE,FALSE,TRUE,FALSE,TRUE,FALSE,FALSE,FALSE,FALSE,FALSE,FALSE,FALSE,FALSE,TRUE,FALSE,TRUE,FALSE,215
Savannah Sparrow,Passerculus sandwichensis,originalcore,White,Play another,Play a second bird in your [grassland]. Pay its normal cost.,FALSE,FALSE,FALSE,2,Ground,3,18,FALSE,TRUE,FALSE,1,1,0,0,0,0,TRUE,1,FALSE,TRUE,FALSE,FALSE,TRUE,FALSE,FALSE,TRUE,FALSE,TRUE,FALSE,FALSE,FALSE,FALSE,FALSE,FALSE,FALSE,TRUE,FALSE,TRUE,FALSE,FALSE,FALSE,FALSE,FALSE,FALSE,FALSE,FALSE,TRUE,216
Say's Phoebe,Sayornis saya,originalcore,White,Egg-laying,Lay 1 [egg] on each of your birds with a [bowl] nest.,FALSE,FALSE,FALSE,5,Bowl,3,33,FALSE,TRUE,FALSE,3,0,0,0,0,0,FALSE,3,FALSE,FALSE,TRUE,FALSE,FALSE,FALSE,FALSE,FALSE,TRUE,FALSE,FALSE,FALSE,TRUE,FALSE,FALSE,FALSE,FALSE,FALSE,FALSE,TRUE,FALSE,FALSE,FALSE,TRUE,FALSE,FALSE,FALSE,FALSE,TRUE,218
Scaled Quail,Callipepla squamata,originalcore,Brown,,Lay 1 [egg] on this bird.,FALSE,FALSE,FALSE,0,Ground,6,36,FALSE,TRUE,FALSE,0,1,0,0,0,0,FALSE,1,FALSE,FALSE,FALSE,FALSE,TRUE,FALSE,FALSE,TRUE,FALSE,TRUE,FALSE,FALSE,FALSE,FALSE,FALSE,FALSE,FALSE,FALSE,FALSE,TRUE,FALSE,FALSE,FALSE,FALSE,FALSE,FALSE,FALSE,FALSE,TRUE,219
Scissor-Tailed Flycatcher,Tyrannus forficatus,originalcore,Brown,Food from Supply,All players gain 1 [invertebrate] from the supply.,FALSE,FALSE,FALSE,8,Bowl,2,38,FALSE,TRUE,FALSE,2,0,0,1,0,0,FALSE,3,TRUE,FALSE,FALSE,FALSE,FALSE,FALSE,FALSE,FALSE,TRUE,FALSE,FALSE,FALSE,FALSE,FALSE,FALSE,FALSE,FALSE,FALSE,FALSE,TRUE,FALSE,TRUE,FALSE,TRUE,FALSE,TRUE,FALSE,FALSE,TRUE,220
Snowy Egret,Egretta thula,originalcore,Brown,Hunting/Fishing,"Roll all dice not in birdfeeder. If any are [fish], gain 1 [fish] and cache it on this card.",TRUE,FALSE,FALSE,4,Platform,2,104,FALSE,FALSE,TRUE,1,0,1,0,0,0,TRUE,1,FALSE,FALSE,FALSE,TRUE,FALSE,FALSE,FALSE,FALSE,FALSE,FALSE,TRUE,TRUE,FALSE,FALSE,TRUE,FALSE,FALSE,FALSE,TRUE,FALSE,FALSE,FALSE,TRUE,FALSE,FALSE,TRUE,FALSE,TRUE,FALSE,223
Song Sparrow,Melospiza melodia,originalcore,Brown,Other,"If this bird is to the right of all other birds in its habitat, move it to another habitat.",FALSE,FALSE,FALSE,0,Bowl,5,20,TRUE,TRUE,TRUE,1,1,0,1,0,0,TRUE,1,FALSE,FALSE,FALSE,FALSE,TRUE,TRUE,FALSE,TRUE,FALSE,FALSE,FALSE,FALSE,FALSE,FALSE,FALSE,FALSE,FALSE,TRUE,FALSE,FALSE,FALSE,TRUE,FALSE,TRUE,FALSE,FALSE,FALSE,FALSE,TRUE,225
Spotted Owl,Strix occidentalis,originalcore,White,Other,Draw 2 new bonus cards and keep 1.,FALSE,FALSE,TRUE,5,Cavity,1,102,TRUE,FALSE,FALSE,0,0,0,0,2,0,FALSE,2,FALSE,FALSE,FALSE,FALSE,FALSE,FALSE,FALSE,FALSE,FALSE,FALSE,FALSE,FALSE,FALSE,TRUE,TRUE,TRUE,FALSE,FALSE,FALSE,FALSE,TRUE,FALSE,FALSE,FALSE,FALSE,TRUE,TRUE,FALSE,FALSE,226
Spotted Sandpiper,Actitis macularius,originalcore,Brown,Card-drawing,All players draw 1 [card] from the deck.,FALSE,FALSE,FALSE,5,Ground,2,38,FALSE,FALSE,TRUE,1,0,0,0,0,0,FALSE,1,FALSE,FALSE,FALSE,FALSE,FALSE,FALSE,FALSE,FALSE,FALSE,TRUE,FALSE,FALSE,TRUE,FALSE,FALSE,FALSE,FALSE,FALSE,FALSE,FALSE,FALSE,FALSE,TRUE,FALSE,FALSE,TRUE,FALSE,FALSE,TRUE,227
Spotted Towhee,Pipilo maculatus,originalcore,Brown,Food from Supply,Gain 1 [seed] from the supply.,FALSE,FALSE,FALSE,0,Ground,4,28,TRUE,TRUE,FALSE,1,1,0,1,0,0,TRUE,1,FALSE,FALSE,FALSE,FALSE,TRUE,TRUE,FALSE,TRUE,FALSE,TRUE,FALSE,FALSE,FALSE,FALSE,FALSE,FALSE,FALSE,TRUE,FALSE,FALSE,FALSE,TRUE,FALSE,FALSE,FALSE,FALSE,FALSE,FALSE,TRUE,228
Sprague's Pipit,Anthus spragueii,originalcore,White,Other,Draw 2 new bonus cards and keep 1.,FALSE,FALSE,TRUE,3,Ground,3,25,FALSE,TRUE,FALSE,1,1,0,0,0,0,FALSE,2,FALSE,FALSE,TRUE,FALSE,TRUE,FALSE,FALSE,TRUE,FALSE,TRUE,FALSE,FALSE,FALSE,FALSE,FALSE,FALSE,FALSE,TRUE,FALSE,TRUE,FALSE,FALSE,FALSE,FALSE,FALSE,FALSE,TRUE,TRUE,FALSE,229
Steller's Jay,Cyanocitta stelleri,originalcore,Brown,Caching Food,Gain 1 [seed] from the birdfeeder (if available). You may cache it on this card.,FALSE,FALSE,FALSE,5,Bowl,2,48,TRUE,FALSE,FALSE,0,2,0,0,0,1,FALSE,3,FALSE,FALSE,TRUE,FALSE,FALSE,FALSE,FALSE,TRUE,TRUE,FALSE,FALSE,FALSE,FALSE,TRUE,FALSE,FALSE,TRUE,FALSE,FALSE,FALSE,FALSE,FALSE,FALSE,TRUE,FALSE,TRUE,FALSE,TRUE,FALSE,231
Swainson's Hawk,Buteo swainsoni,originalcore,Brown,Hunting/Fishing,"Look at a [card] from the deck. If <75cm, tuck it behind this bird. If not, discard it.",TRUE,FALSE,FALSE,5,Platform,2,130,FALSE,TRUE,FALSE,1,0,0,0,1,0,FALSE,2,FALSE,FALSE,TRUE,FALSE,FALSE,FALSE,FALSE,FALSE,FALSE,FALSE,TRUE,FALSE,FALSE,FALSE,TRUE,FALSE,FALSE,FALSE,TRUE,TRUE,TRUE,FALSE,FALSE,FALSE,FALSE,TRUE,FALSE,FALSE,TRUE,232
Tree Swallow,Tachycineta bicolor,originalcore,Brown,Flocking,"Tuck a [card] from your hand behind this bird. If you do, draw 1 [card].",FALSE,TRUE,FALSE,3,Cavity,4,38,FALSE,FALSE,TRUE,1,0,0,1,0,0,FALSE,2,FALSE,FALSE,FALSE,FALSE,TRUE,FALSE,TRUE,FALSE,FALSE,FALSE,FALSE,FALSE,FALSE,FALSE,FALSE,TRUE,FALSE,FALSE,FALSE,FALSE,FALSE,TRUE,TRUE,FALSE,FALSE,FALSE,FALSE,TRUE,FALSE,234
Trumpeter Swan,Cygnus buccinator,originalcore,,,,FALSE,FALSE,FALSE,9,Ground,2,203,FALSE,FALSE,TRUE,0,2,0,0,0,1,FALSE,3,FALSE,FALSE,FALSE,FALSE,FALSE,FALSE,FALSE,TRUE,TRUE,TRUE,FALSE,FALSE,FALSE,FALSE,TRUE,FALSE,TRUE,FALSE,FALSE,FALSE,FALSE,FALSE,TRUE,FALSE,FALSE,TRUE,FALSE,FALSE,TRUE,235
Tufted Titmouse,Baeolophus bicolor,originalcore,White,Play another,Play a second bird in your [forest]. Pay its normal cost.,FALSE,FALSE,FALSE,2,Cavity,3,25,TRUE,FALSE,FALSE,1,1,0,1,0,0,TRUE,1,FALSE,FALSE,FALSE,FALSE,TRUE,FALSE,FALSE,TRUE,FALSE,FALSE,FALSE,FALSE,FALSE,TRUE,FALSE,TRUE,FALSE,TRUE,FALSE,FALSE,FALSE,TRUE,FALSE,FALSE,FALSE,FALSE,FALSE,TRUE,FALSE,236
Turkey Vulture,Cathartes aura,originalcore,Pink,Food from Birdfeeder,"When another player's predator succeeds, gain 1 [die] from the birdfeeder.",FALSE,FALSE,FALSE,1,Cavity,1,170,TRUE,TRUE,TRUE,0,0,0,0,0,0,FALSE,0,FALSE,FALSE,FALSE,FALSE,TRUE,TRUE,FALSE,FALSE,FALSE,FALSE,FALSE,FALSE,FALSE,FALSE,TRUE,TRUE,FALSE,FALSE,FALSE,FALSE,FALSE,FALSE,FALSE,FALSE,FALSE,TRUE,FALSE,FALSE,TRUE,237
Vaux's Swift,Chaetura vauxi,originalcore,Brown,,"Tuck a [card] from your hand behind this bird. If you do, gain 1 [invertebrate] from the supply.",FALSE,TRUE,FALSE,2,Cavity,3,31,TRUE,FALSE,FALSE,1,0,0,0,0,0,FALSE,1,FALSE,FALSE,TRUE,FALSE,TRUE,FALSE,TRUE,FALSE,FALSE,FALSE,FALSE,FALSE,TRUE,TRUE,FALSE,TRUE,FALSE,FALSE,FALSE,FALSE,FALSE,FALSE,FALSE,FALSE,TRUE,FALSE,FALSE,FALSE,TRUE,238
Violet-Green Swallow,Tachycineta thalassina,originalcore,Brown,Flocking,"Tuck a [card] from your hand behind this bird. If you do, draw 1 [card].",FALSE,TRUE,FALSE,3,Cavity,3,36,TRUE,TRUE,TRUE,2,0,0,0,0,0,FALSE,2,FALSE,FALSE,FALSE,TRUE,TRUE,TRUE,TRUE,FALSE,FALSE,FALSE,FALSE,FALSE,TRUE,FALSE,FALSE,TRUE,FALSE,FALSE,FALSE,FALSE,FALSE,FALSE,FALSE,FALSE,FALSE,FALSE,FALSE,FALSE,TRUE,239
Western Meadowlark,Sturnella neglecta,originalcore,Brown,Egg-laying,All players lay 1 [egg] on any 1 [ground] bird. You may lay 1 [egg] on 1 additional [ground] bird.,FALSE,FALSE,FALSE,2,Ground,4,38,FALSE,TRUE,FALSE,1,1,0,0,0,0,FALSE,2,FALSE,TRUE,FALSE,FALSE,TRUE,FALSE,FALSE,TRUE,FALSE,TRUE,FALSE,FALSE,FALSE,FALSE,FALSE,FALSE,FALSE,FALSE,FALSE,TRUE,FALSE,FALSE,FALSE,FALSE,FALSE,FALSE,FALSE,FALSE,TRUE,240
Western Tanager,Piranga ludoviciana,originalcore,Brown,Food from Birdfeeder,"Gain 1 [invertebrate] or [fruit] from the birdfeeder, if there is one.",FALSE,FALSE,FALSE,6,Bowl,2,30,TRUE,FALSE,FALSE,2,0,0,1,0,0,FALSE,3,FALSE,TRUE,FALSE,FALSE,FALSE,FALSE,FALSE,FALSE,TRUE,FALSE,FALSE,FALSE,FALSE,TRUE,FALSE,FALSE,FALSE,TRUE,FALSE,FALSE,FALSE,TRUE,FALSE,TRUE,FALSE,TRUE,FALSE,FALSE,TRUE,241
White-Breasted Nuthatch,Sitta carolinensis,originalcore,Brown,Caching Food,Gain 1 [seed] from the supply and cache it on this card.,FALSE,FALSE,FALSE,2,Cavity,3,28,TRUE,FALSE,FALSE,1,1,0,0,0,0,TRUE,1,TRUE,FALSE,FALSE,TRUE,TRUE,FALSE,FALSE,TRUE,FALSE,FALSE,FALSE,FALSE,FALSE,TRUE,FALSE,TRUE,FALSE,TRUE,FALSE,FALSE,FALSE,FALSE,FALSE,FALSE,FALSE,FALSE,FALSE,FALSE,TRUE,245
White-Crowned Sparrow,Zonotrichia leucophrys,originalcore,Brown,Other,"If this bird is to the right of all other birds in its habitat, move it to another habitat.",FALSE,FALSE,FALSE,2,Ground,5,25,TRUE,TRUE,TRUE,1,1,0,0,0,0,FALSE,2,TRUE,FALSE,FALSE,TRUE,TRUE,TRUE,FALSE,TRUE,FALSE,TRUE,FALSE,FALSE,FALSE,FALSE,FALSE,FALSE,FALSE,TRUE,FALSE,FALSE,FALSE,FALSE,FALSE,FALSE,FALSE,FALSE,FALSE,FALSE,TRUE,246
White-Faced Ibis,Plegadis chihi,originalcore,Brown,Hunting/Fishing,"Roll all dice not in birdfeeder. If any are [fish], gain 1 [fish] and cache it on this card.",TRUE,FALSE,FALSE,8,Platform,2,91,FALSE,FALSE,TRUE,2,0,1,0,0,0,FALSE,3,TRUE,FALSE,FALSE,TRUE,FALSE,FALSE,FALSE,FALSE,TRUE,FALSE,TRUE,TRUE,FALSE,FALSE,TRUE,FALSE,FALSE,FALSE,TRUE,FALSE,FALSE,FALSE,TRUE,FALSE,FALSE,TRUE,FALSE,TRUE,FALSE,247
White-Throated Swift,Aeronautes saxatalis,originalcore,Brown,,"Tuck a [card] from your hand behind this bird. If you do, lay 1 [egg] on any bird.",FALSE,TRUE,FALSE,2,Cavity,2,38,FALSE,TRUE,FALSE,1,0,0,0,0,0,FALSE,1,TRUE,FALSE,FALSE,TRUE,TRUE,FALSE,TRUE,FALSE,FALSE,FALSE,FALSE,FALSE,TRUE,FALSE,FALSE,TRUE,FALSE,FALSE,FALSE,TRUE,FALSE,FALSE,FALSE,FALSE,TRUE,TRUE,FALSE,TRUE,FALSE,249
Whooping Crane,Grus americana,originalcore,White,Other,Draw 2 new bonus cards and keep 1.,FALSE,FALSE,TRUE,6,Ground,1,221,FALSE,FALSE,TRUE,0,0,0,0,0,3,FALSE,3,FALSE,FALSE,FALSE,FALSE,FALSE,FALSE,FALSE,FALSE,TRUE,TRUE,FALSE,FALSE,FALSE,FALSE,TRUE,FALSE,TRUE,FALSE,FALSE,FALSE,FALSE,FALSE,TRUE,FALSE,FALSE,TRUE,TRUE,FALSE,TRUE,250
Wild Turkey,Meleagris gallopavo,originalcore,,,,FALSE,FALSE,FALSE,8,Ground,5,135,TRUE,TRUE,FALSE,0,2,0,1,0,0,FALSE,3,FALSE,FALSE,FALSE,FALSE,FALSE,TRUE,FALSE,TRUE,TRUE,TRUE,FALSE,FALSE,FALSE,FALSE,TRUE,FALSE,FALSE,FALSE,FALSE,FALSE,FALSE,TRUE,FALSE,FALSE,FALSE,FALSE,FALSE,FALSE,TRUE,251
Willet,Tringa semipalmata,originalcore,Brown,Hunting/Fishing,"Roll all dice not in birdfeeder. If any are [fish], gain 1 [fish] and cache it on this card.",TRUE,FALSE,FALSE,4,Ground,2,66,FALSE,FALSE,TRUE,1,0,1,0,0,0,TRUE,1,FALSE,FALSE,FALSE,FALSE,FALSE,FALSE,FALSE,FALSE,FALSE,TRUE,TRUE,TRUE,FALSE,FALSE,TRUE,FALSE,FALSE,FALSE,FALSE,FALSE,FALSE,FALSE,TRUE,FALSE,FALSE,TRUE,FALSE,FALSE,TRUE,252
Wilson's Snipe,Gallinago delicata,originalcore,Brown,Card-drawing,All players draw 1 [card] from the deck.,FALSE,FALSE,FALSE,5,Ground,2,41,FALSE,FALSE,TRUE,1,0,0,0,0,0,FALSE,1,FALSE,FALSE,TRUE,FALSE,FALSE,FALSE,FALSE,FALSE,FALSE,TRUE,FALSE,FALSE,TRUE,FALSE,FALSE,FALSE,FALSE,FALSE,FALSE,FALSE,FALSE,FALSE,TRUE,FALSE,FALSE,TRUE,FALSE,TRUE,FALSE,253
Wood Duck,Aix sponsa,originalcore,Brown,Card-drawing,"Draw 2 [card]. If you do, discard 1 [card] from your hand at the end of your turn.",FALSE,FALSE,FALSE,4,Cavity,4,76,TRUE,FALSE,TRUE,0,2,0,1,0,0,FALSE,3,FALSE,FALSE,FALSE,FALSE,FALSE,TRUE,FALSE,TRUE,TRUE,FALSE,FALSE,FALSE,FALSE,FALSE,TRUE,TRUE,FALSE,FALSE,FALSE,FALSE,FALSE,TRUE,FALSE,FALSE,FALSE,FALSE,FALSE,FALSE,TRUE,255
Wood Stork,Mycteria americana,originalcore,White,Other,Draw 2 new bonus cards and keep 1.,FALSE,FALSE,TRUE,6,Platform,2,155,FALSE,FALSE,TRUE,0,0,1,0,1,1,FALSE,3,FALSE,FALSE,FALSE,FALSE,FALSE,FALSE,FALSE,FALSE,TRUE,FALSE,FALSE,TRUE,FALSE,FALSE,TRUE,FALSE,TRUE,FALSE,TRUE,FALSE,TRUE,FALSE,TRUE,FALSE,FALSE,TRUE,TRUE,TRUE,FALSE,256
Yellow-Bellied Sapsucker,Sphyrapicus varius,originalcore,Brown,Food from Supply,Gain 1 [invertebrate] from the supply.,FALSE,FALSE,FALSE,3,Cavity,3,41,TRUE,FALSE,FALSE,1,0,0,1,0,0,FALSE,2,TRUE,FALSE,FALSE,TRUE,TRUE,FALSE,FALSE,FALSE,FALSE,FALSE,FALSE,FALSE,FALSE,TRUE,FALSE,TRUE,FALSE,FALSE,FALSE,FALSE,FALSE,TRUE,FALSE,FALSE,FALSE,FALSE,FALSE,FALSE,TRUE,257
Yellow-Billed Cuckoo,Coccyzus americanus,originalcore,Pink,Egg-laying,"When another player takes the ""lay eggs"" action, this bird lays 1 [egg] on another bird with a [bowl] nest.",FALSE,FALSE,FALSE,5,Platform,2,46,TRUE,FALSE,FALSE,2,0,0,0,0,1,FALSE,3,TRUE,FALSE,FALSE,TRUE,FALSE,FALSE,FALSE,FALSE,TRUE,FALSE,FALSE,FALSE,FALSE,TRUE,FALSE,FALSE,TRUE,FALSE,TRUE,FALSE,FALSE,FALSE,FALSE,FALSE,FALSE,TRUE,FALSE,FALSE,TRUE,258
Yellow-Breasted Chat,Icteria virens,originalcore,Brown,Other,"If this bird is to the right of all other birds in its habitat, move it to another habitat.",FALSE,FALSE,FALSE,5,Bowl,3,25,TRUE,TRUE,TRUE,1,0,0,2,0,0,FALSE,3,TRUE,FALSE,FALSE,TRUE,FALSE,TRUE,FALSE,FALSE,TRUE,FALSE,FALSE,FALSE,FALSE,FALSE,FALSE,FALSE,FALSE,TRUE,FALSE,FALSE,FALSE,TRUE,FALSE,TRUE,FALSE,FALSE,FALSE,FALSE,TRUE,259
Yellow-Headed Blackbird,Xanthocephalus xanthocephalus,originalcore,Brown,Flocking,"Tuck a [card] from your hand behind this bird. If you do, also lay 1 [egg] on this bird.",FALSE,TRUE,FALSE,4,Bowl,3,38,FALSE,FALSE,TRUE,1,1,0,0,0,0,FALSE,2,TRUE,FALSE,FALSE,TRUE,FALSE,FALSE,TRUE,TRUE,FALSE,FALSE,FALSE,FALSE,FALSE,FALSE,FALSE,FALSE,FALSE,FALSE,FALSE,FALSE,FALSE,FALSE,TRUE,TRUE,FALSE,FALSE,FALSE,FALSE,TRUE,260
Yellow-Rumped Warbler,Setophaga coronata,originalcore,Brown,Flocking,"Tuck a [card] from your hand behind this bird. If you do, draw 1 [card].",FALSE,TRUE,FALSE,1,Bowl,4,23,TRUE,FALSE,FALSE,1,1,0,1,0,0,TRUE,1,TRUE,FALSE,FALSE,TRUE,TRUE,FALSE,TRUE,TRUE,FALSE,FALSE,FALSE,FALSE,FALSE,TRUE,FALSE,FALSE,FALSE,TRUE,FALSE,FALSE,FALSE,TRUE,FALSE,TRUE,FALSE,FALSE,FALSE,FALSE,TRUE,261
